0,1,2,3,4,5
1.456153500295547,0.24109866993547713,-0.6522372792848282,3.144469666515406,0.7198120957579034,-3.102338191754243
1.4558452393993704,0.2409446393559297,-0.6524628157396443,3.1444899065396905,0.7197392583020897,-3.1020452440343345
1.4552059475796968,0.2406648077043896,-0.6528706788605899,3.1445333160654587,0.7196087634086759,-3.1014100801143507
1.4540758351711218,0.24024754029584464,-0.6534727696487864,3.1446196024847772,0.7194190797600349,-3.100142415435473
1.452299773040148,0.23970130931151257,-0.6542480990658925,3.144778060569637,0.7191809931585819,-3.0978126821138714
1.4497430052356173,0.23905768985506767,-0.6551395922407965,3.1450430450980997,0.7189184054751,-3.0939111511169055
1.446320443760702,0.2383744225878942,-0.6560520245197713,3.145445182422702,0.7186665370150058,-3.087969638724939
1.44204061073089,0.2377273243772754,-0.656865836614629,3.1460057778321633,0.7184671994074133,-3.0796821477287213
1.4370114973283845,0.23717729838838997,-0.6574890995334917,3.146727228171466,0.7183498871613954,-3.068999675964195
1.4325910493930165,0.2368372626514573,-0.657810027089603,3.147403671088346,0.7183257855535302,-3.0589638197123405
1.4256742874098627,0.2365360424874125,-0.657949327059371,3.1485229976945064,0.7184124714470123,-3.0423241229054168
1.4200578138289401,0.23650583225379693,-0.6577278685699741,3.1494804041063897,0.7185953640348735,-3.028056769997535
1.4149237718794854,0.23667763943362066,-0.6572155096657565,3.1503957325730503,0.7188656083064893,-3.014374247265035
1.4104761597009985,0.23702479912646932,-0.6564635494872157,3.1512287693620267,0.7192014994989755,-3.0018776301659473
1.4067799584240774,0.23751480412228707,-0.6555249350057741,3.1519648670873246,0.7195837296944291,-2.990794086341255
1.4037321037145363,0.23811123569316714,-0.654449467333816,3.152620004715484,0.7199973851907456,-2.9808831323445255
1.4011171458401876,0.2387755612270874,-0.6532840680407974,3.1532319991339843,0.7204303486049652,-2.971587634875713
1.3991645161289414,0.23933214525015714,-0.6523141614165474,3.153720955510123,0.7207842827138368,-2.964133180668472
1.396160204103223,0.24018109442664715,-0.6508220588368032,3.1545089848766774,0.7213225741491691,-2.952072256723721
1.3933389844024475,0.24089224166148238,-0.6495471869782256,3.15525733314299,0.7217787736438996,-2.9405921682127167
1.3900551736203255,0.24161623864857723,-0.6482232463765631,3.156109012059597,0.7222486884182441,-2.9274806272179297
1.3862239500761375,0.24237999995969833,-0.6468096737594626,3.1570626900459544,0.7227445024341896,-2.9127267147788904
1.381828003222798,0.24321346951235226,-0.6452646741425668,3.1581063828771567,0.7232776672844236,-2.896502737418128
1.3769368415647587,0.2441345737096266,-0.6435670587504525,3.1592177200000466,0.7238531098169624,-2.879119486034854
1.3717218395181654,0.24515879217535744,-0.6417014811173385,3.160366874010416,0.7244742255621961,-2.861021708531111
1.366410031565948,0.2462816474699621,-0.6396827384320312,3.161523484871837,0.7251346229335085,-2.8426584138666877
1.361249757479756,0.24746445717860716,-0.637577010247619,3.162659855708974,0.7258125305889882,-2.8244695562536646
1.3564849628154405,0.2486449366212984,-0.6354859960282297,3.1637474906981624,0.7264757908584724,-2.8069211888828054
1.3522948783143645,0.2497620661195594,-0.6335097973413365,3.1647602908607193,0.7270935110733163,-2.790460989133353
1.3487422214201987,0.2507778456935861,-0.6317105157746085,3.165682809862323,0.727646982526862,-2.7753550067982053
1.3457763920722319,0.2516756305865654,-0.6301135179374289,3.1665171782318446,0.7281285486309755,-2.761601910296818
1.3432506500944008,0.2524740962156416,-0.6286861468169305,3.1672796412519344,0.72854879545099,-2.7489420414229087
1.3409135930798017,0.2532255404067211,-0.6273394861222182,3.168005885281199,0.7289343545978063,-2.736788439472223
1.3384441769590258,0.2540077607531478,-0.6259416095107925,3.168743314587042,0.7293251734877755,-2.7243362971633394
1.3355469240091287,0.25490511288245,-0.6243523681302877,3.1695326755341413,0.7297646616466658,-2.71087108837579
1.332029420841352,0.25598234489863025,-0.6224665338281321,3.170394474462891,0.7302858422719942,-2.6960151768670007
1.3278425321335838,0.2572673867036207,-0.6202405306309894,3.171327646108855,0.7309030298546201,-2.679733142594474
1.3230758732565056,0.2587431940664449,-0.6177039862059865,3.1723167441377105,0.7316075025419734,-2.6622675995335165
1.3179357060365435,0.2603489470457082,-0.6149568023835154,3.1733348706224476,0.7323678350331909,-2.6440723503338774
1.3127027276525924,0.26199319934747994,-0.6121472173677522,3.174351132894422,0.7331373554301693,-2.625672836678629
1.3086660412303048,0.263272049302936,-0.6099590310580886,3.1751431570026116,0.7337279114018944,-2.6111887024580147
1.303198038880154,0.2650255078541578,-0.6069459638902867,3.1762600867637905,0.7345222657760379,-2.5905388176816495
1.2993736063967458,0.2662611646656841,-0.6048057644145148,3.1770965856621847,0.7350670153770135,-2.5749132526178276
1.2962831411097633,0.2672599832325183,-0.6030581981072048,3.1778289549619565,0.7354929214143444,-2.5611367202988475
1.2938736461135143,0.2680439679231672,-0.601671273745762,3.178452134657035,0.7358139654837534,-2.549320008226057
1.2919590996058563,0.26867745072271304,-0.6005420435092981,3.178982636346179,0.7360625715715124,-2.5391725655245283
1.2902329717453214,0.26926514379626626,-0.5994984172571232,3.179458010600758,0.7362886739480601,-2.5299766702804845
1.2883507826449079,0.26993739223442953,-0.5983248953227798,3.179925928004285,0.7365535253184685,-2.520777579243133
1.2860186524783255,0.2708204465176293,-0.5968131352852395,3.180429798082528,0.7369171133862916,-2.5106903239822396
1.2830485620726146,0.271995816019979,-0.594828231390533,3.1809951871819515,0.7374185200405262,-2.4991620322555046
1.2801776744175093,0.27316630860858243,-0.5928671794323395,3.1814950625185596,0.7379293809166307,-2.4888079282533857
1.275143367850878,0.2752700727116905,-0.5893619933846046,3.1823062613865973,0.7388631517738398,-2.4717024445718065
1.2714321197137979,0.27684886118491675,-0.5867410433978031,3.182867389428277,0.7395723515721279,-2.4596548364325064
1.2666164586726623,0.2789261601246922,-0.5833000728218525,3.183559811311698,0.7405142450706615,-2.4445443267235056
1.260950450295464,0.28140950790692065,-0.5791952594099293,3.184329464866731,0.741652080646398,-2.4274090156377177
1.256606035609218,0.2833448270710812,-0.5760025953161151,3.1848852665862304,0.7425494327757002,-2.4147800394324532
1.2534893381854981,0.28474528361981305,-0.573696863733838,3.1852599733516045,0.7432065677746772,-2.4061244995735867
1.249481280744929,0.2865398547203629,-0.5707502757247471,3.1856961991381594,0.7440622414329197,-2.3958484261914066
1.2467049353085213,0.2877339828636408,-0.5687968803546877,3.185950797338371,0.744643076866666,-2.3896890672222715
1.244278262923241,0.28869262098752846,-0.5672344370326519,3.186128696499188,0.7451183179631906,-2.3852818019342994
1.2424288307042355,0.28934609414000667,-0.5661729010221462,3.1862330924139193,0.7454477509900334,-2.3826098524126227
1.2395001524534754,0.29027993157624293,-0.5646599592068722,3.18636172309457,0.7459250560364028,-2.3792143220227717
1.2366696116888847,0.2911730892268283,-0.5632142622091227,3.1864733095442443,0.7463853168517958,-2.3761940310305127
1.2333088355512591,0.29232414073947416,-0.5613500161565537,3.1866123265531465,0.7469810659876465,-2.3723875748844625
1.2293408586850956,0.2938434408518507,-0.5588872912280165,3.186789426765637,0.7477718250943183,-2.367459927919489
1.224798171655693,0.2957805243602335,-0.5557448610102638,3.1870054091300424,0.7487876213131017,-2.3613535658560463
1.219825783584406,0.29813006494244226,-0.5519305152494842,3.1872504199503298,0.7500314507002233,-2.354245588906625
1.2146535252733086,0.3008171611928186,-0.5475658938284669,3.187509012892176,0.7514698240049751,-2.346547721775751
1.2095715481231648,0.30370059899456103,-0.5428809607073404,3.187756686873554,0.7530334990390151,-2.338892731538427
1.2048843846046255,0.3066112676184495,-0.5381520188492004,3.187969473444651,0.7546360562249703,-2.3319474737316095
1.2015924511811784,0.3088544482046232,-0.5345088144779719,3.188103696763591,0.7558900722032613,-2.3272352764988233
1.1975773363637205,0.3119433488844653,-0.5294945814880572,3.1882411158758392,0.7576469595743867,-2.3217971015528813
1.1950497301731264,0.314203174227452,-0.5258282076153451,3.188303700161456,0.7589565024614058,-2.318659897788768
1.1934639509020386,0.3158253722264465,-0.5231964718261288,3.1883300654562476,0.7599093814994362,-2.316833768229301
1.1915435454399825,0.31810110995694646,-0.5195000042330988,3.1883537675899496,0.7612586054866975,-2.314557298129501
1.1900741463085314,0.3200464492647085,-0.5163289450336278,3.1883849265747033,0.7624123534499472,-2.3123226396588157
1.1884540122593816,0.3222375650515712,-0.512739802832528,3.1884515056019556,0.7637031210512812,-2.3090370978219847
1.1864971214903914,0.3248314506637947,-0.5084686583657726,3.188571614167118,0.7652180602373728,-2.304096667683779
1.1841214486399863,0.3278992790815115,-0.5033921406958635,3.1887580354434237,0.7669953873698645,-2.297079770843638
1.1819527034062802,0.33064293421553836,-0.4988337410160294,3.188955641996307,0.7685748416333632,-2.2899723265264345
1.1783553054058011,0.3351400811903007,-0.49132921938029506,3.1893274192844823,0.7711491197220611,-2.2769513330087103
1.1751882742374788,0.3391334912448745,-0.4846350310852447,3.1896906744571694,0.7734279866668419,-2.2643407326149667
1.1726508143508514,0.34242512506269884,-0.47909815273140177,3.1900014653563815,0.7753072462900563,-2.2534654479875194
1.1696552907567304,0.34651474181165176,-0.47219890103241524,3.1903900205594242,0.7776496296268355,-2.2396473703555344
1.166503839080785,0.35121691890083656,-0.46424333977656246,3.190825447397652,0.7803606610375089,-2.22372579493655
1.1647141948282518,0.35417129665611596,-0.4592353319256957,3.191085371920044,0.7820776675713103,-2.213904189994392
1.162505901652358,0.35828328395822556,-0.4522553864456797,3.1914195986368488,0.7844917565204398,-2.200737921039204
1.161072987827841,0.3614108004738737,-0.4469381523027412,3.1916475652261593,0.7863517748047785,-2.1912453496497255
1.1599025285287512,0.36434187556961495,-0.44194625657646935,3.191842242301844,0.7881131895497568,-2.182707388352986
1.1588488488434612,0.3672197207330682,-0.43703462186754993,3.1920220056754247,0.7898546305865597,-2.174455450557321
1.1578028923253325,0.3702016622056299,-0.43193360311561213,3.192204964842313,0.7916663124971133,-2.1658535733944198
1.1567040720595658,0.37342039198861326,-0.42641443478301827,3.192401506130761,0.7936270648496841,-2.156413865752579
1.1555229601161159,0.3769314037012329,-0.4203784800408945,3.1926169558629485,0.7957695113676256,-2.1458600246687043
1.1542626191302359,0.3807402234027506,-0.41381288913698133,3.1928523793033112,0.7980981794247909,-2.1341121553100924
1.1529819049620167,0.38482264961676027,-0.40675651093368015,3.1931019174974518,0.8006024163768197,-2.121304480995683
1.151778688781519,0.3891352062384665,-0.3992839805205404,3.1933559830654454,0.8032622485155363,-2.107742998934727
1.1507336643697719,0.39360235936145177,-0.39152536002729893,3.1936057875756947,0.8060358642118266,-2.0937879016646574
1.1498845154562,0.398114819512482,-0.38367029981308304,3.1938430752288207,0.8088573502287111,-2.0798168254280474
1.1492484194298347,0.4025447549592335,-0.3759417730401594,3.1940611881220984,0.8116470780495962,-2.066255077050982
1.1488332326158912,0.4067657987079818,-0.3685621536595499,3.194254533617238,0.8143246867885892,-2.053505725964446
1.1486224434156114,0.4107018842200917,-0.3616666303860895,3.194421247501477,0.8168395763849783,-2.0417852871650615
1.1485719765129545,0.4143468196460286,-0.3552680529720379,3.1945650582003413,0.8191839570925751,-2.031051682707606
1.1486409523851875,0.4177556325518164,-0.34927164617210177,3.194689694139357,0.8213905192137602,-2.0211134313097032
1.148762126214786,0.4203719552962239,-0.344660882087334,3.194779442668093,0.8230932778357296,-2.01354153169839
1.1489995470259666,0.4242181924110572,-0.3378685895956278,3.1949054101876535,0.825605371112974,-2.002341740892116
1.1491477519406297,0.4267963986623629,-0.33330572912096773,3.1949898323942088,0.8272891547121767,-1.9946197721533767
1.149279445256534,0.4301128664573522,-0.3274242377220687,3.1951014188438833,0.8294507759899667,-1.9843144039992062
1.1493757185299405,0.43431606702679704,-0.3199520734935788,3.1952433653299845,0.8321873071680777,-1.9707778224944423
1.1494671981133846,0.43802045752407,-0.3133513621527902,3.19536533810791,0.8346024613816433,-1.9585945262976023
1.1496288519915525,0.44188493729237033,-0.3064514779530447,3.1954865119375087,0.8371293352029378,-1.9457671445911269
1.1499128781218093,0.44589292815391235,-0.29928211514049696,3.1956018268127093,0.8397631349419988,-1.9325120592135845
1.1503713413034664,0.4499989233435693,-0.291925132629153,3.195706489043549,0.8424790266216616,-1.9191107662921967
1.1510159594453202,0.45409583049600627,-0.28457197841187615,3.195798900733375,0.8452031075216765,-1.9058391693158958
1.1516208964869317,0.4572794398421143,-0.27884837917610505,3.195865746076736,0.8473235163815975,-1.8954211494476148
1.1525522039201324,0.46182399108427996,-0.270661955143256,3.195957891450453,0.850346603693001,-1.8801135658179484
1.153278447949397,0.4654095713074218,-0.264188642771114,3.1960287315354488,0.8527245402303327,-1.8675547639074073
1.1539261287265044,0.4688221126387357,-0.25801540207479673,3.196094511614374,0.854979771620439,-1.8551509579723087
1.1544739409627336,0.4720403763685283,-0.2521831791560641,3.1961549653711185,0.8570983162675971,-1.8430318439577396
1.154914294648978,0.47500687150676757,-0.24679893322219637,3.196209826489574,0.8590410922828099,-1.831446560583677
1.1552561113748898,0.47763224899888135,-0.24202758052369677,3.1962598939180675,0.8607460480126786,-1.8207174835000746
1.15551244062981,0.4798037239727047,-0.23807638157240069,3.196305167656599,0.8621360183646183,-1.8112535410923145
1.1556975303255705,0.4814388715924997,-0.2350969368133609,3.196344049808514,0.8631609359101352,-1.8035135960162172
1.1558229652129133,0.48253186619338184,-0.23310219586737801,3.1963760077415952,0.8638245290747557,-1.7977499827850678
1.1558806226505134,0.48306047038024896,-0.23213550168119285,3.196396514081989,0.8641283291761065,-1.7945087825803867
1.1559040584681062,0.4834436659715977,-0.2314321941268166,3.1964186183190364,0.8643243378323364,-1.7915139247765381
1.1558948705623453,0.48355179031185497,-0.2312325902031151,3.196429270963397,0.864365483671178,-1.7902972596325355
1.1558879463435112,0.4835816842950911,-0.23117706329438692,3.196432999388923,0.8643737394705573,-1.789877012812521
1.1558851500243665,0.48359353536194194,-0.23115509221539376,3.196434597285577,0.8643769352638654,-1.7897075026091374
1.1558437378694157,0.4838653109511845,-0.23066140872832036,3.1964282056989606,0.8645852610401369,-1.7893627564060266
1.1558569205168117,0.484460194559681,-0.22958063137893897,3.196413291996856,0.8650436576427668,-1.7886729976836961
1.155894737404291,0.4864261733658911,-0.2260041059035034,3.196366420361671,0.86655347024376,-1.786177882058401
1.1559417421975307,0.4892178985575939,-0.22091713532631585,3.196303303443836,0.868687860699404,-1.7822310773229035
1.1559944727871143,0.4922335955969724,-0.21541424556588512,3.196238588629347,0.8709841713493248,-1.7775650859350303
1.156101132388772,0.4969108388404513,-0.20686649715213956,3.1961432474623224,0.8745302369197925,-1.7696744059412344
1.1563397516224432,0.5033906759572639,-0.19500028357258714,3.1960191441555246,0.8794130761994255,-1.7574824544708516
1.1566739783392481,0.5089394053779577,-0.18481465779892914,3.1959208735113007,0.8835594182795972,-1.7456588181792267
1.1570458887854775,0.5131479655590963,-0.17707208285125542,3.1958529629035035,0.8866719878036273,-1.7355289523408926
1.1577825191429936,0.5188015902372255,-0.16664633981581323,3.195771203858038,0.8907856395814182,-1.7197557149946257
1.158553903752735,0.5228515924649635,-0.15915852951591913,3.1957200711651086,0.8936674461969929,-1.706473864848128
1.1592536493291532,0.5257186851155156,-0.1538472541959196,3.1956857163870467,0.8956681459659149,-1.6958960553144422
1.1601830925495908,0.5289703715169887,-0.14781256445531366,3.1956465679190225,0.8978987431159381,-1.6827405721616688
1.1613036175782419,0.532658450152585,-0.14095559043863215,3.195595701542202,0.9004048442807299,-1.666964405338203
1.1622323950084068,0.5358567734637156,-0.1350008953992694,3.1955387098948744,0.9026080774505525,-1.6537985358571783
1.1631867387850368,0.5394021399543972,-0.12839315997110567,3.195460412958826,0.9051177738828159,-1.6406313347956085
1.1641968757865038,0.5433865285507784,-0.12095818012933612,3.195357614940749,0.9080168910454761,-1.6274851727066504
1.1653012886905598,0.5478137342574124,-0.11268523665057317,3.1952300495245343,0.9113139510540215,-1.6143987985841644
1.1665573686186956,0.5526361530698143,-0.103659750426781,3.1950803798712717,0.9149739333401173,-1.6014341309234952
1.1679978724523195,0.5577217920664569,-0.09412663240970609,3.194913133354815,0.9188853180331168,-1.5886333808279203
1.1696064217507274,0.562857764807702,-0.08448359241863812,3.1947365657745426,0.9228627491211501,-1.5759925535558048
1.1713598470124356,0.5678503263242463,-0.07509441825848207,3.1945578676653983,0.9267359174525068,-1.5635005969886244
1.1728685277699653,0.5716569822073783,-0.06792478912982525,3.1944167201276237,0.9296849023065789,-1.553620935134703
1.1753135759667672,0.5769566061976087,-0.05792694950253152,3.194211390407579,0.9337700582607059,-1.539002577595149
1.1774948380575965,0.5809436912445936,-0.05039306651577913,3.1940486712649747,0.9368128529641759,-1.5269850631761666
1.1793111139210306,0.5838585876367125,-0.04487892489974288,3.193923502693741,0.9390125574455541,-1.5174558733216996
1.182126208351299,0.5878543945362674,-0.03731228503158246,3.193740543526853,0.9419888397007994,-1.5032697468270655
1.1845345049250575,0.590948321932667,-0.0314472719419282,3.193589275976936,0.9442680395407165,-1.4915201464137449
1.1869828820732218,0.5939471078991234,-0.02575669590367413,3.1934353452659296,0.9464704071831848,-1.479813023419811
1.1894730708505004,0.5969624054643384,-0.020028502715022656,3.193275022968307,0.9486963438013002,-1.4681431846811384
1.1915149164582641,0.5994547247704891,-0.015288808343981386,3.193139734384931,0.9505566949807751,-1.4588504835314704
1.1941605006851488,0.6027241544827249,-0.00906480113938446,3.1929607699596776,0.953031903476922,-1.4473160665342282
1.1974835930933498,0.6068660357680706,-0.0011701929829808222,3.1927322707381487,0.9562161120342753,-1.4336071785069362
1.2003439612621494,0.6104079734388488,0.005588443810449539,3.1925330662886107,0.9589634955938282,-1.4222662401628883
1.203240814737883,0.6139350639865497,0.01232544242002298,3.19232933446522,0.9617063517795281,-1.4109597897549568
1.206128746623965,0.6174182123762643,0.01898527593701138,3.192121341584085,0.9644165842418745,-1.3996445509154283
1.2089616842335367,0.6208763936307594,0.02560449624737604,3.191908288696878,0.9671099056312988,-1.3882723204285718
1.2117149933265152,0.6243560133320297,0.03227238582666192,3.1916883115908377,0.96982826073497,-1.3768169993157051
1.2143821491582296,0.6279044757474785,0.03908009136317703,3.1914598123693088,0.9726150590786562,-1.3652687338807945
1.2169427785463407,0.6315299035184306,0.04604299261221634,3.191223057348401,0.9754768919860553,-1.3536062188351194
1.2193610619741873,0.6351765699990762,0.05305316497060486,3.1909775138958953,0.9783599636031478,-1.34179722992949
1.2216180909980294,0.6387449395436734,0.059917529259311264,3.190727443069537,0.9811702643434539,-1.3298279187262378
1.2237158629886848,0.6421404699335244,0.06645239394214764,3.1904744427659795,0.9838189777846195,-1.3177053426022518
1.2256499837303547,0.6452883929210252,0.07251195094943219,3.190220909830204,0.9862349975255393,-1.3054289689253136
1.2274082026820252,0.6481410379226636,0.07800219069468506,3.1899676432105375,0.9883718514051917,-1.292989210315499
1.2286914468532797,0.6502092488252192,0.08198082020520903,3.1897652429676917,0.9898782684757951,-1.282922860869163
1.2304139794463431,0.6529786034637654,0.0873034805388686,3.1894600447067685,0.9918201123846263,-1.267633653051018
1.2314129311712319,0.654616447534164,0.09044674299446176,3.189254714986723,0.9929138726443218,-1.2572992564409655
1.2324732687592468,0.6564413120921136,0.09394240824129985,3.1889953230965498,0.9940646911303723,-1.2442003654613563
1.2334826068123868,0.6583429422684847,0.0975744273359499,3.1886776079785033,0.9951642437654388,-1.2282268584011156
1.2341555876198498,0.6597612087070064,0.10027540531350831,3.1884064981795333,0.9959175188797678,-1.2147509969692054
1.2346294971358294,0.6608555681779472,0.10235693202151419,3.1881841242285116,0.9964805777132377,-1.2039048739556943
1.235337498511627,0.6625741726084026,0.10562909147386723,3.1878387122351284,0.9974010993440237,-1.187624171263713
1.2360032887841468,0.664167275572488,0.1086700885436016,3.187539106612494,0.9983274799292077,-1.1741210124306296
1.2367845270899216,0.6659550556122582,0.11209188435970352,3.1872288483455,0.9994472725885587,-1.1607209179317324
1.2375034474261886,0.6675356417192202,0.11512379339221779,3.1869726522486346,1.0004929627905783,-1.150085051486283
1.2387289010017883,0.6701379495783911,0.12012594228868634,3.1865766401945397,1.0022932596874718,-1.1342648093467762
1.2398407707568966,0.6724604923650492,0.12459742304844301,3.1862365545233367,1.0039491466742558,-1.121161657309423
1.2407591618588103,0.6743990739015452,0.12833387134733787,3.1859585205055323,1.0053559615200902,-1.1107025581813275
1.2421593188019195,0.6774900052417184,0.13430048403257866,3.1855286863055934,1.0076499419040572,-1.0950245954230582
1.2433321749459905,0.6803073633589133,0.13975044346634413,3.185157441649636,1.009801376590678,-1.0819514039479683
1.2445062295125517,0.68340135733434,0.14574814855731155,3.184773147504338,1.0122270502905493,-1.0688637648239647
1.2454591085505822,0.6860824947617773,0.1509549613835527,3.1844567639668364,1.0143732252340167,-1.0583964764755172
1.2469566040315339,0.6903949515149427,0.15934438487049307,3.183969405487352,1.0178869999762674,-1.0427484742795115
1.2480263958414186,0.6933997295938518,0.16519821268356893,3.183638907196073,1.0203657371608585,-1.0323817868412417
1.2494772860032937,0.6972091817961283,0.1726273335709404,3.183222921433803,1.023529905431009,-1.0195350972168629
1.2514128714835633,0.7016878198013147,0.18136889353301655,3.182724111361631,1.0272575985878203,-1.0043191929077224
1.252797315776241,0.7044927942194406,0.18684455247130116,3.182394944650897,1.0295777445294971,-0.994278609544933
1.2549181241103256,0.7082761474430344,0.1942244714575333,3.181906520906977,1.0326547608529748,-0.97928081812907
1.2566583667246378,0.7109911735953429,0.199510546615718,3.1815038509501568,1.0347967413177255,-0.9667742141758944
1.2580057930781634,0.7128706329556391,0.2031608083638351,3.1811832063549113,1.0362254606635257,-0.9567358945000314
1.2598825226983423,0.715211351816737,0.20768721682107472,3.180703304726479,1.0378984584603135,-0.9415522810191082
1.2612790843739798,0.7167851468629193,0.21071063702761428,3.180301167401877,1.0389199138964134,-0.9287444069676173
1.2625828348856283,0.7181340379550445,0.2132865795919936,3.1798955679678578,1.0397199274878732,-0.9158504462338897
1.2638686090599185,0.7193726075990131,0.21564267820838667,3.1794865064244218,1.040414013846975,-0.9029411057448669
1.2651301484682889,0.7205677011381861,0.21791135856199784,3.1790715859265872,1.041067953052644,-0.890006931278679
1.2663501425636543,0.72174581702541,0.2201451182158155,3.178650540158246,1.0417069119771813,-0.8770288146545049
1.2673308516350759,0.7226846478886901,0.2219244427191247,3.1783091229064975,1.0422176396952314,-0.8666498100961936
1.2686087694841506,0.7238701540479389,0.22417211738963788,3.177879288706559,1.0428730436394997,-0.8537261551163116
1.2702016061321268,0.725328434481839,0.22694004057909817,3.1773570428167943,1.043702485161005,-0.838273762102372
1.2715628809233208,0.7265942349479537,0.22934717201987992,3.1769162896563863,1.0444497015838539,-0.8254272056360478
1.2729928652706388,0.7279465881494959,0.23192707603638046,3.1764704764899068,1.0452899954868011,-0.812644964510049
1.274512731304747,0.7294479452140281,0.23480502106837464,3.1760201359495746,1.0462866835247633,-0.7999466795374149
1.2760943826761453,0.731135523817784,0.23805547575784358,3.1755631375065168,1.0474760512675927,-0.787302057260746
1.2773701699963476,0.7326023929461997,0.24088924560525599,3.175192425482778,1.0485479736063497,-0.7771917656564237
1.279261547002522,0.7349107544000532,0.24535609912261874,3.17462810164779,1.0502690414608133,-0.7619979655843309
1.280795660948462,0.7368482040930858,0.24910619612210022,3.174150863180448,1.051721130045179,-0.7492921571816172
1.2819749086791492,0.7383496943156724,0.25200920815785466,3.1737652374546044,1.0528365284887315,-0.7390796001914359
1.283603032211569,0.7404081846802492,0.25597565370639136,3.173181738859768,1.0543189105304969,-0.7236814025056795
1.284794663641325,0.741882244343608,0.2587984380143073,3.1726962445930464,1.0553189940988488,-0.7108765910894422
1.285873243882807,0.7432024398749876,0.26131396011145525,3.172211282958543,1.056172470649192,-0.6981420871259831
1.2869093467049024,0.7445336209458637,0.2638523188149507,3.171723391846841,1.057044655906193,-0.6854538555864641
1.2879565016455217,0.7460287195818341,0.2667198442291798,3.17122964178074,1.0580877495261498,-0.6727701514207982
1.2890324187259137,0.7477650340335386,0.27007219811985794,3.170728701179696,1.0593803147612197,-0.6601032251699999
1.2901659932439058,0.7498052817446483,0.2740348153743278,3.1702163089859647,1.0609830716842565,-0.6473612643554885
1.2911475012636546,0.7517192956200882,0.2777714634103043,3.1697973937464954,1.0625524725146402,-0.6371036999428847
1.2927764237444015,0.7551309381345342,0.2844661510480591,3.1691555719237865,1.0654607110040342,-0.6216570993043162
1.2939588672683968,0.7577454965347196,0.2896176367026539,3.1687225419305394,1.067753093491347,-0.6114089891135823
1.2955354586337235,0.7613387000564817,0.2967176574583188,3.168178724435945,1.0709614702355927,-0.5986902643795818
1.2975872910955752,0.7660811907466676,0.30611615268229014,3.1675230541755677,1.075270198563232,-0.5835805536189083
1.2990509644306827,0.7694652695438312,0.31283737206240486,3.1670849641762495,1.0783823686130987,-0.5735998248016183
1.3012941450168565,0.7745900570084979,0.32302662639304797,3.166427429703109,1.0831171361361231,-0.5586787990041768
1.3030861861143708,0.7785274075221256,0.3308498951217511,3.1658788185185527,1.086732976527151,-0.5461778542683177
1.3047079180601746,0.7818625507342591,0.3374579301555376,3.1653294083856696,1.0897378877641146,-0.5335223130311794
1.306136703985002,0.7845274428790469,0.3427101498783645,3.164778400356132,1.0920592987073094,-0.5206900377662007
1.3074017055027898,0.7865692219077834,0.3467009633508756,3.1642252617977227,1.093745146256357,-0.5077089250858002
1.3085324837016374,0.7880631887002906,0.34958130522785075,3.163671324290986,1.094871796555515,-0.4946063722596921
1.3094555353354589,0.7890827133446002,0.3515306059877343,3.163229239550033,1.0955982403218614,-0.48414773918478743
1.3111299978708462,0.7907976559285567,0.3548366874544722,3.1625730366574376,1.0968966645113294,-0.46875150558033496
1.3130288317280727,0.7927901664771267,0.3587441106953501,3.1620393391749855,1.0985832444296766,-0.4564208367066727
1.3149191434698109,0.7948059796852349,0.3627336924558569,3.1616220218321702,1.1003849394861425,-0.4469252026819407
1.3176526120126681,0.797723006606226,0.3685353556010809,3.161111227535093,1.1030660769135798,-0.43542490743616513
1.3211827651956227,0.801454361609536,0.3759726989983179,3.1605040268065547,1.1065401039765608,-0.4218751432840055
1.3239559148387223,0.8043373666476012,0.3817094808814849,3.1599911019806055,1.1092041971730215,-0.41041842401156636
1.3259048161244422,0.8063151632311486,0.3856274901876958,3.159571387792809,1.110992310107928,-0.4009865394054281
1.3278935316684588,0.8082423597539845,0.3894105438056671,3.159031032407632,1.1126559868409005,-0.38875337551717637
1.3296256516414464,0.8097754084354886,0.3923543354956133,3.158358584232387,1.113833436937852,-0.37342418699316665
1.3306842581747529,0.8106055823262935,0.39389051339139836,3.15778334143693,1.114345829131583,-0.3602672723913073
1.3314174264228518,0.8111369495427916,0.39484712085495477,3.157317554562275,1.1146188031433162,-0.34962827673157704
1.3325004008801324,0.8118941528197284,0.3961997403726061,3.1566152789828212,1.1149938428038266,-0.3336526724319778
1.333406807757141,0.8125081446090462,0.39729183615662034,3.156028051962459,1.1152960450085234,-0.32034342501576596
1.3341671402483586,0.8130083528407903,0.3981840284113105,3.1555580040300595,1.1155527071585798,-0.30973146044109995
1.335611771981672,0.8139087010263188,0.3998327581526649,3.154862918985549,1.1161089083522429,-0.2941203097366781
1.3373645314531077,0.81490831854148,0.4017234693685666,3.1543052530532862,1.1168526626656747,-0.28166673597870867
1.3398053185921652,0.8161872350759634,0.40419451667551026,3.1537758166285785,1.117910736566763,-0.26991019470179706
1.342958767638928,0.8177392587802343,0.40723494782351294,3.153279137085279,1.1192784029445735,-0.2589494059586011
1.3467134253017763,0.8195261067136229,0.41076992798594314,3.1528277312805106,1.1209210407049341,-0.24905211730721472
1.3508087012680456,0.8214154863489797,0.4145315431571392,3.1524317192264157,1.1227036275805788,-0.24040832864665815
1.354903444602097,0.8232322948446318,0.418160832511672,3.1520908346068857,1.1244413401918556,-0.2329962020559928
1.3588109677115159,0.8249206723967147,0.4215394851181146,3.1517901637198156,1.1260686647759484,-0.22646975962010377
1.3625409911342807,0.8265475975066441,0.4248003594253485,3.1515137275986653,1.1276469871959838,-0.2204684925511783
1.3661398538733593,0.8281562133840793,0.42802930908901515,3.1512514062312924,1.129216521184422,-0.21478818632787788
1.369672670217404,0.8297591034651707,0.4312495701896253,3.150995476450536,1.1307864546470239,-0.20924468336082344
1.3732811203364068,0.8314330999473672,0.43461484041159026,3.1507312908704,1.1324305571459843,-0.20352068465088888
1.3762864976265612,0.8328675450895112,0.4375005086107457,3.1505081179710515,1.1338429646301078,-0.19868754661509946
1.3800905569276305,0.8347179094148982,0.44122520571133045,3.150223692366631,1.135668295241248,-0.19253479561441894
1.3838079303352175,0.8365132794637752,0.44483968123229967,3.149945125716609,1.1374406289466958,-0.18649115099464764
1.3874078583387321,0.8382022562271034,0.4482338134625784,3.149655640106117,1.1391001777799787,-0.1802030947658343
1.391721513514388,0.8401172687879521,0.452065869244607,3.1492644217419845,1.140959330536963,-0.17166668143147837
1.395194142417797,0.8415352023313376,0.45488216209736587,3.1488947749826814,1.1423056916260526,-0.1635849362742262
1.3984117736468307,0.8427352227185273,0.4572380609766772,3.148480653433174,1.1434066424206912,-0.15450660294755278
1.4012188785938287,0.8437112046790141,0.4591170542837826,3.148009007604121,1.1442512639604099,-0.14414227906475055
1.403150469332463,0.8443546909774045,0.4603270615250601,3.14759328815796,1.1447688493182668,-0.13500006316142885
1.405171542283724,0.8450047020204655,0.46151316689555405,3.147042280128422,1.145243957256737,-0.12287406653991759
1.4069868860407766,0.8455870021928114,0.4625209070520401,3.14635039087722,1.1456005545266985,-0.10765985999597204
1.4081128705496622,0.8459659034369024,0.46313659660655276,3.145755973321914,1.1457852447482955,-0.0945885077665099
1.409060822739676,0.8462944709363909,0.463646225770653,3.145152234702793,1.145919867541399,-0.08133615212908485
1.4099925296470401,0.846602598674513,0.4641135772524483,3.144547697135345,1.1460397097904527,-0.06806705186630592
1.4109247691866225,0.8468927500752772,0.46454367776849614,3.143942893251788,1.146147567814601,-0.05479871726234039
1.411857674516477,0.8471647254016016,0.4649362942922011,3.143337290419904,1.1462435747718982,-0.04153100267556614
1.4126042917280808,0.8473691230152651,0.46522331647868437,3.1428531277337277,1.1463116185377498,-0.030917155162785682
1.4137244172825683,0.8476540146728764,0.4656088756255006,3.142126084756136,1.1463992365376132,-0.014996688700724126
1.4146579884026955,0.8478712620387996,0.4658886406980134,3.141520215608143,1.1464590245040855,-0.0017299457516288391
1.4154048719304082,0.8480318506525314,0.46608524856548855,3.1410355202897486,1.1464980398140552,0.008883490843717803
1.4163383098924809,0.8482160082419103,0.4662968700036089,3.1404299174578645,1.1465358567015345,0.0221503742329487
1.4174579028147503,0.8484125495303582,0.4665006351165136,3.1397036734286,1.1465651514735253,0.03807090727403751
1.4183904086704415,0.8485560939131135,0.4666286998754328,3.139098603228934,1.146576203592049,0.05133841380135159
1.4191360937756636,0.8486575603506454,0.4667036345706049,3.1386147068588666,1.1465763367501036,0.06195281683289069
1.4200980275614004,0.8487867236635144,0.46680273745266954,3.1380117671880727,1.1465855246558643,0.07518990090593981
1.4215268134862278,0.8490955837709363,0.46724312442842775,3.1373025673897845,1.1467718127741153,0.09079384443066164
1.4228157834538262,0.849508773214062,0.46796930187866503,3.136846101578945,1.1471245484604964,0.10085201297902407
1.4249626907665935,0.8503478021154915,0.4695504539073588,3.136302284084351,1.1479193688878306,0.11287638503781358
1.428374466439094,0.8518100772910268,0.47240010285277073,3.1356908222980686,1.1493729222107958,0.12645052543632587
1.43115254293021,0.8530226145353399,0.4747980463877918,3.1353078597333153,1.150603968424685,0.13498471669564727
1.4350997471398712,0.854701537865553,0.478139614476055,3.1348527255030207,1.152325702069421,0.1451665141752382
1.440291446526926,0.8566851934034986,0.48209251119254604,3.134328881716602,1.154369411889948,0.15691972650078723
1.44386474291954,0.8578177026570548,0.4843384880978644,3.1339885297292898,1.1555342785507485,0.1645688577837128
1.4491371360876244,0.8591115328936425,0.48687784548676855,3.1335011712498053,1.1568565380319729,0.1755175624334625
1.4533361421783522,0.8598365785004166,0.48827344176651094,3.133127796064976,1.1575883746995268,0.18390815105337976
1.4574051860078843,0.8602795953477512,0.4890936620927417,3.132781318807157,1.1580252662763542,0.19168243426278228
1.4614771593146154,0.860489585599704,0.48943797553217533,3.1324572121024943,1.158218079139276,0.19896561392241735
1.4647806774888044,0.8605353919704534,0.48946577227605303,3.132215397075515,1.1582448439082313,0.2043966815572
1.4697978066664046,0.8604957108702113,0.4892924670681162,3.1318859640486725,1.1581741369812897,0.21178495621135232
1.4731761596672246,0.8604429802806276,0.4891277505546947,3.1316851617024803,1.158101832157694,0.21630400768608055
1.4773867505086944,0.860390249691044,0.4889535465298899,3.1314500045782263,1.1580276631213353,0.22158821863150213
1.4822853690177862,0.8603961086454422,0.488896488303535,3.131199667435759,1.15801567889643,0.2272240001303278
1.4853734374597876,0.8604519684493066,0.48897185576238417,3.1310547914724585,1.1580657463249235,0.23050364972324677
1.4896985442281307,0.8606098273229211,0.48924426385238573,3.130859049132338,1.1582226065131291,0.23493744675357883
1.4931292283443707,0.8608019743955703,0.48959859743542067,3.130703254208568,1.1584198135918495,0.2384813318609041
1.4958497805559412,0.8609885288299304,0.48995006812028397,3.1305791509017706,1.1586131590869893,0.24130618011866475
1.4992999057481389,0.8612482536152404,0.49044425095006183,3.1304238886102187,1.1588837362537412,0.24485499207400666
1.5027749314965286,0.8615266205281809,0.49097704961564576,3.1302680936864493,1.1591748197608869,0.24841520568776546
1.506886053271284,0.8618753614729268,0.49164603568147364,3.1300787429329446,1.1595407380946638,0.252750249375926
1.5102012893542691,0.8621573236533389,0.4921843604063195,3.1299162901064497,1.1598368816078806,0.25647509627932213
1.5133973489784733,0.8624053971088798,0.49265111267686956,3.129748510957775,1.1600974719205448,0.2603217661578326
1.5164798247821856,0.8625960128639022,0.49299765651371613,3.1295754054869196,1.1602969426861918,0.2642844333465728
1.5194654946802733,0.8627109948439664,0.49318620831889376,3.1293975063261024,1.160415852828864,0.26834666947056834
1.5224126819006094,0.8627427530399656,0.4932011886000255,3.129215079791432,1.1604464791813998,0.2725214740848902
1.52546612924844,0.8626902221874637,0.49303753735104006,3.12901694060633,1.1603882891115815,0.2770421567457861
1.528761791097413,0.862525705411124,0.492633802129784,3.128789772965346,1.1602110557410368,0.2822237694102124
1.531626287165902,0.8622665132580322,0.49203888523177397,3.128578584290903,1.1599343533037776,0.2870230853001578
1.536274701690581,0.8616329472347023,0.49062577866786433,3.128211068060472,1.1592595082835515,0.29538967218075074
1.540422441930325,0.8609342003436927,0.4890815447097818,3.1278558023710556,1.1585175516038553,0.303476926752508
1.5446355627748303,0.8601570233585804,0.48736320659543547,3.1274568608397617,1.15769490114313,0.3125712889799923
1.547838413459814,0.8595173986437706,0.4859440080505323,3.1271106498980514,1.1570211213873398,0.32049575783011847
1.5520009342436079,0.8586137880859067,0.4839204050962356,3.1265529839657886,1.1560766313067432,0.3333023003010643
1.554740661215027,0.858002725773788,0.4825196822313947,3.126058967583579,1.155449057395866,0.34472523071717304
1.5564683869722158,0.8576128389902005,0.48159882770547263,3.1256451123501807,1.1550581053478424,0.35433374948261076
1.5580965105046358,0.8571938571717037,0.48058353082939353,3.1251074201260938,1.1546495764366242,0.36688326361885026
1.5596250318122866,0.856511954774589,0.47899079404995804,3.124445091962991,1.1539776608935972,0.3823787332634218
1.5606675262209981,0.8557481601739542,0.47729083174713316,3.124003273538147,1.1532045452291473,0.3926916914266992
1.5626563749230693,0.8538945334762318,0.47328410588710895,3.1233553264449307,1.151295990833942,0.40774471014566765
1.5647963580170026,0.8517120729629118,0.4686351587302121,3.122831748974621,1.1490312386429387,0.41981305765195714
1.5667808125032752,0.8496575773399703,0.4642832871929137,3.1224234863795117,1.1468949839745315,0.4291982370704781
1.5694519630766246,0.8469047343001825,0.45846577823920365,3.1219209478818137,1.1440334173832414,0.4407411428936949
1.5727560138830314,0.8436170619344797,0.4515222181975809,3.121324133481527,1.1406265685587575,0.45449383992091863
1.5750224971287434,0.8415510481398235,0.44715626519601864,3.1209310509046313,1.138495240738367,0.46359622492118685
1.5779696843490796,0.8391683179125297,0.4421172980974798,3.120452747172853,1.136048461486857,0.4747280052511227
1.5815891865866063,0.8366459714650883,0.4367790582714432,3.1199174517937474,1.1334714536580417,0.487238903551556
1.5846872418826954,0.8346885480638802,0.43264473370569057,3.119524102900743,1.1314722186277193,0.49643133668618256
1.5872465396902615,0.8331206785511232,0.4293449772465414,3.1192474004634834,1.1298664656484558,0.5028664992757091
1.5905663031470998,0.8310619884494647,0.4250283593041729,3.118934745351508,1.12775271469126,0.5100849308313417
1.5939125650567845,0.8288721376641198,0.42044902052026806,3.118636471309419,1.125503408834579,0.5169336157591303
1.5972007700547053,0.8265177701024352,0.4155313604093822,3.118324348829662,1.1230904517289129,0.524085901051188
1.6009026971279698,0.8235959494914821,0.40942090373576356,3.1179006399002303,1.1201130376302042,0.5339171932418109
1.6036741157163608,0.8212593585300738,0.40451512798124223,3.117486252034614,1.1177578711201925,0.5437011144545439
1.6056188891023913,0.8195799691466699,0.4009704938598604,3.117118469488074,1.116087802800604,0.5525360847918546
1.6079795150926375,0.8175464459173125,0.3966393949790645,3.1165256498294225,1.1141146667489643,0.567029340339202
1.6093751446618934,0.8163934303233628,0.39413569065925375,3.116012458687364,1.1130559270576033,0.5798416751855188
1.6102005914417634,0.8157487456024818,0.3927006130163509,3.1155962066089846,1.1125096461390007,0.5903792709867444
1.6110485419328446,0.815114380630825,0.39125797865385503,3.115074759667547,1.1120154965987366,0.6037320277972653
1.6119457609040924,0.814426619279312,0.3897079523204017,3.114558372732181,1.1114718788412241,0.6170353829695654
1.6133180878138103,0.8133530990439011,0.3873446298795517,3.113951704635861,1.1105646064368613,0.632705489402619
1.6147528658510903,0.8122478206124909,0.3849482509516711,3.1134590198341963,1.1095908881633012,0.6454740152490038
1.6161342475085145,0.811259388373908,0.3828212507680521,3.1130747256888975,1.1087041220993321,0.6554542114340758
1.618790351221705,0.8095994400664617,0.3792758842773706,3.1125215871304883,1.1071865863311776,0.6698360802688307
1.6210620276315426,0.8083732541215619,0.37667420891895853,3.112173245659906,1.1060462207524058,0.6789044100966595
1.6249920544521725,0.8065214916366026,0.3727576643513471,3.1116869524448574,1.1043137678842818,0.6915779942501831
1.6285465755591013,0.8050460338136713,0.36964536114342594,3.111325295168825,1.1029271264837048,0.7010269563768114
1.6322732700305038,0.8036157165712171,0.366637187534127,3.111002786360816,1.1015746401241082,0.7094525988545769
1.6361152793771065,0.8021688877300043,0.3636049456064764,3.1107119691697793,1.100194590047229,0.7170344187409508
1.6398437049032175,0.8007406344373947,0.36061884294471136,3.1104461856929895,1.0988252591937375,0.7239352683365913
1.6433096759039012,0.7993416759167762,0.35770008496901184,3.1102043706660103,1.0974784986304844,0.7302154682401889
1.645989881224957,0.7981573016009906,0.3552336649044621,3.110013155699743,1.0963347375213228,0.7351627560182019
1.6493794195023552,0.7964833051187942,0.35175357915000116,3.109759356447858,1.0947136047867643,0.7417121349289792
1.6534639096662098,0.7942230137226166,0.34706325312766717,3.1094392444848307,1.092517029519667,0.749947361388804
1.6561366581362134,0.7926449576186901,0.3437929578880771,3.109226457913733,1.090979852938473,0.7553951237146701
1.6594348499882219,0.790634470732762,0.33962820670687033,3.10895614706309,1.0890252924354367,0.7623367196749888
1.6626448912081488,0.7886380320215842,0.3354871909488789,3.1086634656592906,1.0871031559186721,0.7699865833272143
1.6655372173100293,0.7868244858982675,0.3317136248422911,3.1083494789667703,1.0853900109684513,0.7784088302745898
1.667891052239496,0.7853427696467746,0.328613605464898,3.1080277691070886,1.0840345951316555,0.7872964646224567
1.6700020068775474,0.783999005139748,0.3257804015392173,3.1076522633933874,1.082861805566612,0.7979170844706656
1.6709764575204074,0.7833377422410812,0.3243737198514373,3.1074216336429865,1.0823151251738459,0.8045546140135246
1.6717322626377717,0.7827607683909156,0.32313498375990063,3.1071782207193532,1.081865450423786,0.8116314985572193
1.6720939199138045,0.7824183524537587,0.3223913293150097,3.107002185771299,1.081619507497117,0.8168132110901865
1.6722529106308823,0.7822373240786605,0.32199528397140126,3.106898056172677,1.0814970686660008,0.819903143744951
1.672327878615568,0.782150771343233,0.321805899928383,3.1068485213764014,1.0814386788591008,0.8213797334113454
1.6723394633663098,0.7821372558007008,0.32177637212979676,3.10684079820924,1.0814296241113945,0.8216091647392557
1.672358504968104,0.7820991060180854,0.32169877427353455,3.106840265577022,1.081390142748234,0.8216088318441195
1.6725696936425472,0.7816781934077983,0.320842834299183,3.106831743461534,1.0809561140695785,0.8216314687133851
1.6730740963530082,0.7806823708971905,0.3188155029193602,3.106801916057325,1.0799369888994323,0.8220133660137025
1.6739448168714097,0.7789733538466593,0.31533428532143587,3.106738000191163,1.0781960804948476,0.8230158464270355
1.6751542914804691,0.7766078010083965,0.3105147294072059,3.106638930598612,1.0757959065624136,0.8247606164152009
1.6766848101589376,0.7736178700525645,0.304422715124136,3.1065025767508003,1.0727718205656014,0.8272938152440843
1.6784805796819782,0.7701228040169718,0.2973011893426687,3.106327074434964,1.069251454499653,0.8307400122736741
1.6800113646765555,0.767161435463831,0.29126766473503973,3.1061659531890142,1.066280831461724,0.8340529180907055
1.682322589028581,0.7627473791150791,0.2822770659215275,3.105904164453859,1.0618754969655422,0.8396221205622791
1.6842324750043312,0.7591990498576848,0.2750534744912831,3.105679393657857,1.0583516687901766,0.8445359856686117
1.6857775079107407,0.7564513999820228,0.2694616351504437,3.105496434490968,1.0556335800026144,0.8486094902929695
1.6877868629532056,0.7531510110221148,0.26274610827715894,3.1052631415794774,1.0523846566307724,0.853942670112935
1.6904621414262446,0.7493711199079381,0.25505433312727854,3.1049654001696063,1.0486949800985221,0.861003509111062
1.6930423450483678,0.7463111478154371,0.24882489973196048,3.1046929587900913,1.0457401362900518,0.8677554880017672
1.6953719452119147,0.7438716256778972,0.24385743850869024,3.1044551385047474,1.0434056758575156,0.8737990660425112
1.6992753404216439,0.7401348777733798,0.2362495862226609,3.104070311727231,1.039855149492222,0.883770207479877
1.7027995014921455,0.736956062117234,0.2297806014872903,3.103733155533227,1.0368497722020675,0.8925911296424374
1.7064512279788624,0.733797286748291,0.22335585851552864,3.103393069862024,1.0338750212644492,0.9015679133077947
1.7100809833865858,0.7307196046345409,0.2170985617973057,3.1030532505069295,1.0309924157005472,0.9106540863149271
1.71280459823341,0.7284051179101803,0.21239135799156328,3.102780276495196,1.0288457081248616,0.9181167963215471
1.7163118482309896,0.7253785019103325,0.20622407611818505,3.102367220210125,1.0260979916701725,0.9299128688958896
1.7186493047197522,0.7233291328724892,0.2020296972698512,3.1020106229401634,1.0243156045316097,0.9406671794308203
1.7204828911302719,0.7216437513766326,0.19855976481704607,3.101636448807007,1.0229320923453136,0.952453265151075
1.7218126074625484,0.7202749531553592,0.19571943693544935,3.101247094655638,1.0218975874198721,0.9652034151859383
1.7225473736073011,0.7193875878801448,0.19386184878560542,3.1009320426986813,1.0212939819588058,0.9758270976694007
1.7233359356060736,0.7182632678469405,0.1914900042292672,3.1004643916112635,1.0206117466665547,0.9920673203128129
1.7239145073528934,0.7173704430914914,0.18960408670332762,3.100080896414292,1.0200971573649242,1.0056746087445183
1.7244821601392437,0.7164674317448728,0.18770019284002992,3.099704591752264,1.0195790393748492,1.01929021955463
1.7250386276490157,0.7155544335441665,0.18577868882402415,3.099334944992961,1.0190578587495207,1.0329141527431485
1.725584309356373,0.7146295842766092,0.18383614583540675,3.098972488768601,1.0185318178552027,1.0465458756778554
1.7261502310880148,0.7135852922341619,0.18165771335323555,3.0986148262342033,1.0178928589306655,1.0601599551703405
1.7268020397648118,0.7121640963184411,0.17873089931523856,3.0982574300159147,1.0168803916632447,1.0736309563332609
1.7275696959490272,0.7101932905327552,0.17471415331161277,3.0979048274875884,1.0153103250425886,1.0865599376353232
1.72843868541272,0.7076466427403669,0.16955910567906007,3.0975644755002762,1.0131431777055364,1.0985136027671711
1.7291842373598876,0.7052375472182812,0.16470299787886877,3.0973058825584294,1.0110162441009447,1.1071648815682935
1.7303783987926793,0.7009847452735337,0.15616164105173935,3.0969396979085437,1.0071513981479945,1.1185842500064442
1.7311903966090443,0.697834492020079,0.1498518467705282,3.0967109323709057,1.0042373007042025,1.1251891558259497
1.7323616548564613,0.6929457937860478,0.14008070873102751,3.0963926846206413,0.9996771699696598,1.1338414998915083
1.733095888368996,0.689684286978055,0.13357330789693245,3.0961913496422313,0.9966280502586009,1.1391055041021587
1.7339760631092673,0.6855837512686327,0.12540252993548762,3.095943675660854,0.9927980251369034,1.1455057459918918
1.734821749913422,0.6814204981155391,0.11711750236327834,3.0956941374667135,0.9889182654818487,1.1519306221217078
1.7357713000000896,0.6763907189227609,0.10712212615999295,3.0953918686829898,0.9842464151395772,1.1597091830336113
1.736487157701103,0.6721856541405531,0.09877751035839322,3.095138602063323,0.9803555367869714,1.166269214588749
1.7371217889888688,0.6679680059221946,0.09041877980301605,3.0948832049147845,0.9764670552793467,1.1729124699279516
1.7375795863802534,0.6645875223925025,0.08372712151100115,3.0946781415108484,0.9733603447097148,1.1782786063664068
1.7382215413610171,0.6595181286785095,0.07370577948708756,3.094369747456617,0.9687175894023524,1.1863736839738661
1.7386388587038324,0.6561454348950059,0.06704754386675316,3.094164151420463,0.9656391749193026,1.191781232567272
1.7391532482683814,0.6519389719532257,0.05875352812586487,3.0939079553235973,0.9618115466425862,1.198548191739109
1.739651792024444,0.6477412974430428,0.05048847426183123,3.093652025542841,0.958005356812645,1.2053313961935952
1.7402146511208323,0.6427132493049732,0.040603752401838666,3.0933452293852635,0.9534644008379508,1.2135067681079206
1.740557266795071,0.6393689847661062,0.03403832794549344,3.0931409649296544,0.9504556280174066,1.2189899504762847
1.7410004168004602,0.6343736935094445,0.024245218826999593,3.0928339024559683,0.9459800526474739,1.2272854309557724
1.741308411380528,0.6302519856693561,0.016176839409468347,3.092579037939648,0.9423048237641373,1.2342582524798724
1.7415389079728743,0.6270102528324573,0.009838382857025318,3.092377436645129,0.9394263460999251,1.2398498255046029
1.7418422420210342,0.6230662444161044,0.0021355222991072953,3.0921297626637516,0.9359406011281477,1.2468318349344636
1.7422233403730247,0.6191826231774691,-0.005439306789405074,3.091881822366265,0.9325313554586828,1.2540054588047556
1.7428844701136368,0.6144459248626541,-0.014663564699058051,3.091573161995925,0.9284083160380493,1.2632353093526976
1.7434914045260659,0.6112185065166144,-0.020940036177129584,3.0913598427926097,0.9256193871654911,1.2697972051205983
1.7446990149223622,0.6063238161701304,-0.03044618968816737,3.091031475030203,0.9214219789714172,1.280219885520787
1.7456710687202412,0.6031132423179855,-0.03667592268910791,3.090808035814745,0.9187016264969285,1.2877122897735613
1.7472432658697694,0.5985803424055888,-0.04546834902800467,3.090470080672414,0.9149400446152461,1.3001449910064873
1.7482311654761344,0.5959748387531097,-0.050523361672111244,3.0902540983080087,0.9128507947400789,1.3091039980715684
1.7493137404592516,0.5932882418454378,-0.05573949556216773,3.090001098004451,0.9107992285943364,1.3209310964726102
1.7501774036007642,0.5912193651526098,-0.05976246670484142,3.089768071409069,0.9093545302819956,1.333475517313265
1.750787933280665,0.5896704706626197,-0.06278309059223652,3.0895518227285548,0.90842455442934,1.3467453832348573
1.7511899374472124,0.5884726473833294,-0.06512613971928816,3.089351286698472,0.9078409226764491,1.3604498770463505
1.7514742298935784,0.5874411385141144,-0.06714621398514053,3.089164865422166,0.907421008751571,1.3742712836296982
1.751733355467643,0.586420082552178,-0.06914271927534577,3.088988564158003,0.9070169406351786,1.3881113323406766
1.7520239063425707,0.5851879710738529,-0.07154715426552372,3.088789626024574,0.9065330442651113,1.404732653336079
1.7522489434546824,0.5841557964143654,-0.07355730825631557,3.0886346300491314,0.9061307737824548,1.4185940073357781
1.7524581347583081,0.5831188280649158,-0.07557325462247833,3.0884892214536133,0.9057295685642344,1.4324656145056738
1.752651746569557,0.5820771326045313,-0.0775943941527667,3.088353932870237,0.9053294951894771,1.4463466758974393
1.7527952909523121,0.5812406337061374,-0.07921479451802538,3.088252999064923,0.9050102487538039,1.4574588487038493
1.752960140623788,0.5801913482366462,-0.081244189847693,3.088135553660851,0.9046124390659733,1.4713577532749185
1.7531090113287235,0.579137868288438,-0.08327784623510481,3.0880279619528115,0.9042160941167423,1.4852666447000753
1.7532665373072016,0.5778687388709608,-0.0857229610109338,3.087912647077611,0.9037423177588172,1.5019702573731613
1.7533798548115846,0.5768070031233735,-0.08776427398647946,3.0878276922388377,0.9033494349190032,1.5159009867192568
1.7534588175379053,0.5759552576277389,-0.08939918857967921,3.0877672384820927,0.9030362471748099,1.5270527074678546
1.7535429734283519,0.5748876629257534,-0.0914450955081052,3.0877009257709496,0.9026463603912224,1.5410012799932535
1.7536702725284576,0.5735106089051006,-0.09407796314078487,3.0876311509503895,0.9020964176261209,1.5577104853046286
1.7538517669567466,0.5723710422746557,-0.09625183495958933,3.0875842793152044,0.9015292974719886,1.5687620711962396
1.7542829327372305,0.5704881208049425,-0.09983758163029921,3.0875166350235164,0.9004026471728306,1.5823954586066278
1.7551673685352458,0.5673557107307913,-0.10579234324868925,3.08741357068933,0.898257537493799,1.598435944168284
1.7559719095005588,0.5646963446452654,-0.11084069799007068,3.0873294147988837,0.8963114991062509,1.6089457099361182
1.7572014909758482,0.5607032674858279,-0.11841119944181155,3.087205577808195,0.8932784249407596,1.621882281247287
1.7588666324474203,0.5551611959678593,-0.12890162400222915,3.087036999711193,0.8889634381845587,1.6369721514578395
1.7599731758803483,0.5512180530788607,-0.13635241636297113,3.0869192879910115,0.8858656492045786,1.6467652605763334
1.761221532641323,0.5462654389786676,-0.1456932541493423,3.0867776078210194,0.8819824274401068,1.658850419287004
1.7624267461926382,0.5406578869873968,-0.15624503128337242,3.086631932909392,0.8776493977675206,1.673492345802205
1.763140872838943,0.5366093494982583,-0.16384516040224062,3.0865464454384,0.8746170559713291,1.6859367649439274
1.7635193080298432,0.5338996163786164,-0.16892057951819994,3.086508095918703,0.8726760110108248,1.6961069776727764
1.7637844257163606,0.5311289967385524,-0.17409629993871445,3.0864961116937977,0.8708207864164484,1.7092600639805688
1.7638520700080487,0.5286818845919059,-0.17864770882068703,3.0865357927940402,0.8694035852423627,1.7256934989610664
1.7637539325218792,0.5271955078085053,-0.1813956915914855,3.0866055676146003,0.868729605749491,1.7397351489665636
1.7635255664584049,0.5257480797560473,-0.1840627142651452,3.0866899898211555,0.8681029639449953,1.7539103565007284
1.7631643086565356,0.5238415227316596,-0.18757988453778562,3.08676668886055,0.867085636408585,1.7681141930166115
1.762784941359254,0.521875044582745,-0.1912123696856265,3.086814625760171,0.865882619965169,1.7792326242515832
1.762229539113918,0.5188966317986277,-0.19671685734271127,3.0868556384409587,0.8639118141794832,1.7926063534556886
1.761493707704729,0.5145858728106574,-0.20468220571557005,3.0868790742585515,0.860894386085396,1.808025923009193
1.7609859760429054,0.5113424754980771,-0.2106703234266133,3.0868862647934945,0.8585681814522391,1.818207986804893
1.7603934227003628,0.5072733983790314,-0.21817194887466207,3.08690357534058,0.8556546166406652,1.8308912914963953
1.7598890199899018,0.5036118847753087,-0.22490488616357318,3.08694911539522,0.8531033083163693,1.8436446373245667
1.7593872804405308,0.49998182976196254,-0.23155196979684284,3.0870583049999136,0.8507340936316076,1.8595714059076767
1.7590822153376622,0.49801518516547993,-0.23513535291208532,3.0871661630240617,0.8495682948644253,1.8706755892308164
1.7587088401528332,0.4960663171692736,-0.23866480701525367,3.087336339017718,0.8485634841851384,1.8848794257466996
1.7583294728555514,0.49460540686379695,-0.2412864560818414,3.087539538208891,0.8479789869048933,1.89912161178228
1.757883127056854,0.4932209958606329,-0.2437593676015481,3.0877584500504955,0.8474672605014346,1.9134167947235527
1.7573073516291788,0.4914830502227608,-0.2468748333132636,3.087975231363228,0.8466651163811026,1.927729021895802
1.756421184776455,0.4886641274984256,-0.25195318190642213,3.088209056906937,0.8450722797331263,1.944396681894172
1.7557414129082123,0.48638772397765306,-0.2560647031553409,3.088340617064787,0.8436521490818416,1.9548225580876688
1.7548206249613174,0.4831521164112613,-0.2619169330717628,3.0884753730159447,0.8415117665137448,1.9668424693516324
1.7536317898507061,0.47879408631394205,-0.2698052495100911,3.0885928184200173,0.8384894115716411,1.9797497458908104
1.752818460453796,0.4757981632456574,-0.27522564785575665,3.088650875331781,0.836364475337867,1.9874089971858782
1.7515507957749181,0.4713732212259498,-0.2832170952072983,3.088728373319502,0.8332105602379134,1.9980441978410552
1.750338258530605,0.4676830453509952,-0.2898603172569873,3.0888074692038776,0.8306091179060967,2.0071824356474988
1.74916380448988,0.4645870540047508,-0.29541700287143763,3.088892424042651,0.8284619442772203,2.0153723217897648
1.7473728286568018,0.4604586549724236,-0.30280284739109525,3.0890330389482075,0.8256490469548514,2.0270321736743497
1.7452155350157832,0.45601933188282967,-0.3107169299129701,3.0892128023217875,0.8226770923363774,2.0402836637844204
1.7427189546518884,0.4512656892055791,-0.3191621799142613,3.0894338446922642,0.8195442162090355,2.055085246806972
1.7399565908112038,0.4462737601897937,-0.3280005124924481,3.089692437634111,0.8162992209998012,2.0711054923443437
1.737090097371897,0.4412500063989818,-0.33686501062834506,3.0899821895607116,0.8130789266096774,2.0877406617774144
1.733844636109472,0.4356862966971564,-0.34664104222634873,3.090366750022119,0.8096017703324154,2.1076162324668393
1.73151636752647,0.4317866299129534,-0.3534554722446162,3.0907201514987728,0.8072788946506211,2.123755920779101
1.7299455019574868,0.4292230710476431,-0.357907545217929,3.0910261487080226,0.805848643987194,2.1363440174616333
1.728344143194022,0.42670152354852886,-0.3622496296382214,3.0914346776192407,0.8045823108888613,2.151677433753873
1.7271285433144554,0.4248971653309729,-0.3653119985757035,3.0918709034057956,0.8038587300206869,2.166585276903919
1.726187781659385,0.4236142873443681,-0.3674447578451798,3.0923292334293984,0.8035278322552445,2.1811871228447144
1.725214396280961,0.42239199627256263,-0.3694367690510455,3.0929012804315477,0.8033683089059487,2.1985301604955283
1.7244017326743233,0.42141132049065455,-0.37102504503565514,3.093391035756013,0.8032633803589996,2.2129731488773006
1.7235672311467471,0.4204293131282015,-0.37261158996555627,3.093892242673166,0.8031570536524781,2.2274298525386866
1.7226389863487999,0.41931361507902637,-0.3744279656975312,3.0944033032863523,0.8029519902485421,2.2419765710449173
1.7214646654661294,0.4178237761862088,-0.37689405286694455,3.0949220870666996,0.8024738196748183,2.2567717624808528
1.719883946201113,0.41572111063705036,-0.3804244390764944,3.0954480613819904,0.8015513672522422,2.27198240704684
1.7178636721981788,0.4129632408807052,-0.38508953164749987,3.095981758864442,0.8001572024215857,2.287641527940397
1.7160214305141166,0.41042265177979687,-0.3893977939219483,3.096415854122125,0.7988024523750624,2.3003964716652225
1.7131000759563542,0.4064006127435047,-0.39621741710434144,3.0970811117624266,0.7966207242310422,2.3196801548023775
1.7107602226226104,0.4032674037210265,-0.4015101168757376,3.097651028235704,0.7949628398734406,2.3356069233854875
1.7087074580543775,0.40063540161570116,-0.4059229082229718,3.098228934192251,0.7936623517341277,2.3510426050635864
1.7071022377073322,0.3987211547136658,-0.40908617767625427,3.098797785401092,0.7928570118204877,2.3654580297280767
1.7061530870948278,0.39769317453289527,-0.41074998756728115,3.0992214943305236,0.7925357680139969,2.3757540768184318
1.705299677123512,0.39687282104860994,-0.4120426526708921,3.099680090670235,0.7923922902102689,2.386585419287893
1.7046077878723094,0.39627534085805066,-0.41296144324696943,3.1000936795875242,0.7923602656981606,2.396160282355055
1.7042928690734076,0.3960084588273111,-0.4133702717638102,3.100283030341029,0.7923490804215824,2.4005094907312636
1.704050654572265,0.3958049600305154,-0.41368162858475416,3.1004289715687654,0.7923410909383122,2.4038376431455353
1.7039344075906828,0.39570825399343196,-0.41382940073573987,3.1004987463893254,0.7923375622498677,2.4054254197874405
1.7039153659888888,0.39569247476397323,-0.41385343576457784,3.100510197982013,0.7923370296176497,2.4056850779937236
1.7038518495968904,0.39559430398829015,-0.41401938399000343,3.1005224485230274,0.7922778408624227,2.40601877207831
1.7034415896309638,0.3949549123000758,-0.4151023251577704,3.1005906254469333,0.7918862896031539,2.4079104154005937
1.7028505010270207,0.39403795264724784,-0.4166550479418276,3.100684368717304,0.7913235636648202,2.4105346943387578
1.7017069396549407,0.3922781690884371,-0.4196331611203223,3.10085987103314,0.7902426531573842,2.4154311823189776
1.699754443101749,0.3893107085543027,-0.4246500572713272,3.1011482913791957,0.7884193864960887,2.423485913035922
1.698086638469087,0.3868017777808527,-0.4288871132761296,3.101387176928976,0.7868778822781236,2.430150207347736
1.6951895186772443,0.3825047340724962,-0.43613240946925835,3.101789314253578,0.7842412196408907,2.44130033019968
1.6925872108180733,0.37871888413538046,-0.44250066013639666,3.1021384546724873,0.781925401335985,2.4509042217227237
1.6904632066906806,0.3756968287988994,-0.4475710858253122,3.1024180865869457,0.780085623075931,2.4584905024039236
1.6877120281265743,0.3719027230624044,-0.45391729883443005,3.1027813417596324,0.7777946387481903,2.4681415318782616
1.6842284802626961,0.36736725985745855,-0.4614656627596099,3.103271629716316,0.7751131684256167,2.480616311056411
1.6818520084639639,0.36446960743339785,-0.4662584206153709,3.103649532274998,0.773456549069533,2.4897490893826197
1.6788767248941274,0.3610895566673829,-0.47180948030201847,3.1041909529246112,0.7716069836924729,2.502230792779603
1.6757935833001427,0.3578983240226546,-0.47700554061535844,3.10481413261969,0.7699508969686072,2.5160014661441847
1.6723943244847654,0.35468811635515946,-0.48219347828737363,3.105520669256888,0.7683510695227693,2.5311852127831624
1.6687061126911147,0.35144082416948497,-0.48741297441830633,3.1062788712192333,0.7667714155221889,2.5471524614148415
1.6647606395361623,0.34813131388284346,-0.49271632683406286,3.1070514542514656,0.7651653962268166,2.563201469091986
1.660428608548985,0.3446288242857121,-0.4983236457987384,3.1078274993931148,0.7634372044164369,2.579171647200864
1.6544403576798874,0.33996389816227485,-0.5057865555424401,3.1087952921332493,0.7610884294930415,2.5988707834680715
1.6500645176927782,0.33670122622130516,-0.5109905387600231,3.1094690718890394,0.7594457917326807,2.6123671512403748
1.6445006415433845,0.3327333492236825,-0.517287083814811,3.1103412571460405,0.757485904907464,2.6294963370556554
1.6380980028086705,0.32840631166354894,-0.5240935909288356,3.111441142676243,0.7554449914060818,2.650506014895291
1.634250001349615,0.32592158236650504,-0.5279608337267669,3.1121937520002994,0.754349034038487,2.6645427380527713
1.630133952726843,0.32337260430816295,-0.5318791426386005,3.113117868898557,0.7533185904337081,2.681440761485433
1.6265412152582717,0.3212796925864969,-0.5350244024650114,3.1141101627207206,0.7526141843253821,2.699161968011038
1.6249967149840803,0.320441063159231,-0.5362406681348504,3.114658507589168,0.7524216377785694,2.708762131108556
1.623811341982886,0.319844981128244,-0.5370639178068213,3.1151922050716196,0.7523700390324491,2.717990783234008
1.6230463489597606,0.3194891495170958,-0.537524278490755,3.1156201750587953,0.7524025961767753,2.7253150088639435
1.6227504717626529,0.3193542604078833,-0.5376963186971742,3.1157911500007787,0.75241944067067,2.728222914458201
1.622566314173274,0.3192710366238183,-0.5378023125085594,3.1158968774960547,0.7524301598940576,2.730027472412839
1.6225105209484367,0.3192459696200579,-0.5378339708360177,3.1159291017452446,0.7524333556873657,2.730573420436305
1.6223605849790652,0.3191612810973934,-0.5379671288905217,3.1159458796601123,0.7523891472132704,2.730879417645555
1.6219352781529797,0.3189098786904899,-0.5383626083123983,3.1159927512952974,0.7522577867925022,2.7317356239360153
1.6207415161943517,0.31819505296439904,-0.5394841653159717,3.116130703039764,0.7518895381927716,2.734240060625126
1.6186417468328786,0.3169241924922132,-0.5414736132292881,3.1163815728144493,0.7512426563639913,2.738781815548147
1.615617061624821,0.3150869442351948,-0.5443440348312027,3.116750686941534,0.7503152105143712,2.7454120213980087
1.6116685258346153,0.3126888342526057,-0.5480834458968102,3.1172380454210185,0.7491124603870641,2.7541256181686387
1.6059718911048813,0.3092363455049406,-0.5534524785229509,3.117952038909269,0.7473965191176989,2.76680119969298
1.6018522472146377,0.30675634331883156,-0.557297750241889,3.1184750837473603,0.746175592915952,2.776010677058583
1.596605420393018,0.3036452718229146,-0.5621047227199685,3.1191483308709325,0.7446600545186152,2.7877562827302684
1.5902785485913167,0.3000096241712793,-0.5676956632439399,3.1199675192222407,0.742914019528932,2.80188941231921
1.5862662300930033,0.29776897358814114,-0.5711280118358613,3.120491629324768,0.7418509522007997,2.810844824116819
1.5818160879114809,0.2953389056724711,-0.5748395928680774,3.1210761931840407,0.7407095213575916,2.820779480247251
1.5782810078805098,0.29345385367388577,-0.5777103473651284,3.1215441105875676,0.7398330750428466,2.828679747620971
1.575685091607955,0.2921071929791736,-0.579755222318632,3.121890321529278,0.7392137569313486,2.8344926293322867
1.5738527036199261,0.29118177778988463,-0.5811560783415274,3.122136397614001,0.7387931772161979,2.8386072132164593
1.5732453697333335,0.2908805076915694,-0.581611212571822,3.1222184229755756,0.7386576223167128,2.839975279068433
1.5731328511772775,0.29082504736186854,-0.5816948358300504,3.1222338693098983,0.7386329214976024,2.8402298772686447
1.5731034232472323,0.2908097674751142,-0.581718371516184,3.1222362661548795,0.7386249320143321,2.8402722215299767
1.5729014224785498,0.290705205112815,-0.5818786605242932,3.122255440914728,0.7385720682666941,2.8405952629702034
1.5718683822917079,0.2901731721060444,-0.5826903920245494,3.122361434726113,0.7383109453218117,2.8423763851072485
1.5704479853243143,0.28944326623028094,-0.5838004641459216,3.1225145664887926,0.7379588754257033,2.8449354165987057
1.5677545973558626,0.28806191786237045,-0.5858948738957007,3.1228176342208434,0.7373025393750533,2.8499677257945195
1.5640265713039152,0.2861544953106285,-0.5887782118289022,3.1232519957946354,0.7364079169858684,2.8571364228167946
1.559302523004278,0.28374976071482777,-0.5924024078878503,3.1238168522618412,0.7352931177535612,2.8664167402673937
1.553874867544642,0.28100823610967296,-0.5965203873024125,3.124480778321598,0.7340385691430522,2.8772587353812153
1.5480699753165965,0.27811441197967923,-0.6008503876292588,3.1252008970803553,0.7327310902058778,2.8889444199283743
1.542192778264955,0.27524021201796806,-0.6051361295477391,3.12592447794853,0.7314450497154785,2.900607733922376
1.536624507899763,0.2725710255259225,-0.6091068028645065,3.126594795594903,0.7302564143419489,2.911364241565206
1.5309687526927616,0.26991096036061046,-0.6130581016843434,3.1272539279646976,0.7290743702921172,2.9218965110442516
1.5280310196942952,0.2685515331374227,-0.6150756625919169,3.1275852252043035,0.72847029877786,2.9271820868597316
1.5253023448414,0.26730981763441647,-0.616917920920736,3.1278811024014113,0.7279174931145868,2.9318913546153187
1.5236819444761414,0.26658630334526917,-0.6179919072093378,3.128045952072887,0.727594118779224,2.934514301972938
1.5229924520699198,0.266284317522411,-0.6184406997872867,3.128111465835703,0.7274585638797388,2.9355500053208696
1.5228631555989964,0.2662284743633034,-0.6185241066636766,3.128121053215627,0.7274330641123014,2.9357105939346013
1.5227556970490117,0.2661814695700635,-0.6185949467486727,3.1281279774344615,0.7274095617156814,2.9358136582687875
1.522137710518059,0.265906215226647,-0.6190086188897461,3.128166593270268,0.7272744728693872,2.9364410990216103
1.5205295606938145,0.2651815524492796,-0.6200918763078926,3.128284837622667,0.7269281287696223,2.9383306118150214
1.517738168397248,0.26391025921341665,-0.621983419761635,3.128513603160305,0.7263333783191804,2.9419631635418897
1.5138420968805164,0.262116736732546,-0.6246400727518003,3.1288654067403043,0.7255107278584549,2.9475097291441976
1.5089274994048842,0.25983565603510905,-0.6280056592241448,3.1293405146787747,0.7244804839907578,2.954962319138675
1.5031926483135076,0.2571668024381998,-0.6319249335318735,3.1299365301307343,0.7232967754652448,2.964258082923597
1.4970801609795579,0.25433964055924213,-0.6360491880197543,3.130630816226918,0.7220751168941982,2.975013525301991
1.4897052021308559,0.2510214250647874,-0.6408376015939872,3.131575439465569,0.7206988618218725,2.9895080458508563
1.4837960471461336,0.2484835490592396,-0.6444462680948286,3.132450554199769,0.7197059687884637,3.002812932340783
1.4783313737473454,0.24626821515121403,-0.6475381814756538,3.1333994384961645,0.7189060883550584,3.0171428695342812
1.4735753675146275,0.24447357747163687,-0.6499751070311308,3.134395727059963,0.7183366379349723,3.032096785371185
1.4703164572886975,0.24334083519148528,-0.6514590536800365,3.1352103880374185,0.7180396288944011,3.0442714262944826
1.4670427665187176,0.24231162329871053,-0.65273420849948,3.136204546072345,0.7178547389357224,3.0590849935419393
1.464362294881553,0.2415894572348651,-0.653529145440112,3.137254364174054,0.7178407573399995,3.074677269092135
1.4632127413970202,0.24133088093777524,-0.6537612232843556,3.1378168237962787,0.7178963508277549,3.0830150938329552
1.462216585991276,0.24112674964022066,-0.6539192818950518,3.1383497223304038,0.7179675238078872,3.0909105675167132
1.4615497304543201,0.24099310888776912,-0.6540200326080409,3.1387079174970194,0.7180161264977812,3.096208127557099
1.4611783526403086,0.24091998847108964,-0.6540741780019536,3.1389071219465574,0.7180435570570091,3.0991575784643617
1.4610278840387192,0.24089082685715327,-0.6540953501326197,3.138987549411478,0.7180548089126146,3.100351739897153
1.4609944613670387,0.24088441862578028,-0.6541000273092841,3.1390053925907813,0.718057272336623,3.100615925477289
