0,1,2,3,4,5,6
-0.1124860539080447,0.8122938295782316,0.5892124097900968,-0.0978415206684178,0.700400801622149,0.08928368177327872,0.7013516793231128
-0.11013432843231144,0.8126442709205509,0.5892202473598843,-0.09785485866911997,0.7003990984258839,0.08928425829379476,0.7013514459812444
-0.10722343337849477,0.8127098882409282,0.5892399677792849,-0.09786258199081564,0.7003995539613109,0.08926925937910146,0.7013518226872975
-0.10333687517882961,0.8122338247284804,0.5892606683818079,-0.09786888326815632,0.7004000547468696,0.08927134862808357,0.7013501773811346
-0.12828518735269173,0.7577512256762571,0.5941042275373418,-0.09806565528681536,0.7003003207916193,0.08905012351206974,0.7014503998536231
-0.13553177764759228,0.7579772177039836,0.5948809331829654,-0.09803083055876248,0.7003163894051607,0.08909989666077325,0.7014329044217401
-0.14240950999509,0.7598015929642564,0.5956015119336874,-0.09799041262861687,0.7003415655412475,0.08915178602962888,0.7014068217916297
-0.14832391041046308,0.7634542138270448,0.5961596136471539,-0.09793173514167312,0.7003794259053026,0.0892159139605064,0.7013690581404997
-0.1532656601378796,0.7688647120078569,0.5965770140524695,-0.09789937873810768,0.700415255669165,0.08926588345966574,0.7013314361404002
-0.15880837441909307,0.7796536648108219,0.5969353551887854,-0.0978585126986432,0.7004800099815808,0.0893175588951048,0.7012658845128811
-0.16099345550915403,0.7875596769985382,0.5970207206449794,-0.09785295103125431,0.7005123252848601,0.0893192992168046,0.7012341583849807
-0.16214403741271133,0.7966204073764456,0.5970127040479005,-0.09785303503577382,0.7005420199737828,0.089320373339307,0.7012043444616316
-0.1620104231249177,0.8050937438676902,0.5969548739759019,-0.09786171605912601,0.7005693349530631,0.08929771756341875,0.7011787283505895
-0.16061366638282373,0.8137095375207174,0.5968778200349895,-0.09787705575524801,0.700589938454118,0.08927291374925198,0.701159159509635
-0.07977528571700485,0.8509540292588078,0.5972832698212219,-0.09798188484865812,0.7000658851545165,0.08915456853975498,0.7016828126673889
-0.07253781016781838,0.8450204334188258,0.5972947308322447,-0.09797328979869374,0.7000690025461686,0.08917020076596928,0.7016789162112472
-0.06578285075862131,0.8383819532632976,0.5972831453210237,-0.097962843891073,0.7001029709909056,0.08918577233022883,0.7016445034633573
-0.05962076115458756,0.8312342471387152,0.5972522820601787,-0.09793823443119451,0.7001552056011179,0.08920461824888322,0.7015934195737783
-0.05420762008457736,0.8236398393125995,0.5972104659356584,-0.09791215796161323,0.700214336551931,0.08923063837635473,0.7015347356940976
-0.04948328934999338,0.8151953480494232,0.5971617684093202,-0.09788099315366625,0.7002827655197277,0.08925536972737323,0.7014676318050064
-0.0460001003473795,0.8069258418636184,0.5971401888114982,-0.0978657901851637,0.700340928520768,0.08927643106221908,0.701409003226288
-0.04309909597126041,0.7975301503923435,0.5971097037741111,-0.09784219305720326,0.7003934816393387,0.08929422409124,0.7013575533768961
-0.041131197427604876,0.7881690089088605,0.5970917194967387,-0.09783708798053875,0.7004358513021451,0.08929644677477191,0.7013156685969079
-0.03993155865319131,0.7789623158538121,0.5970597958962262,-0.09783489023352933,0.7004691399457896,0.08929458491668718,0.7012829638178555
-0.03935766019107759,0.7692254368656253,0.5970290311315505,-0.09783097554609207,0.700492823411392,0.08929830601738936,0.7012593793420957
-0.03957834511654293,0.7591937167482858,0.5969969531466869,-0.09784203736827536,0.7005125129960028,0.08929203387383122,0.70123896607813
-0.10998805844594856,0.7197657610901259,0.5961193864222851,-0.0979221184899304,0.7005600482374206,0.08922030588660856,0.7011894284296699
-0.1129471569903151,0.726363393141865,0.5957891031018555,-0.09788698059907541,0.7006289010815331,0.08926414903939779,0.7011199567083737
-0.11488933994281778,0.7342110844127918,0.5953854662111675,-0.09786903534319306,0.7006934723040467,0.08928664220182086,0.7010550658228034
-0.11603311045219583,0.7433826605134827,0.5948616731652577,-0.09785877570832126,0.7007435046515614,0.0892938827662636,0.7010055657454086
-0.11650552707720244,0.7524614432360386,0.5943087454125395,-0.09785478472814996,0.7007662998712044,0.0892939405390761,0.7009833280853637
-0.11655520580955184,0.762113261720585,0.5936551059691412,-0.09776077578297258,0.7008259536015622,0.08911713182053779,0.70095930715902
-0.11621989195697804,0.7713511101573097,0.5930129891607833,-0.09735162787075465,0.7010605683941855,0.08831563537075764,0.7008830776547504
-0.1153731166743785,0.7797352944505633,0.5924133368565895,-0.09636534571153262,0.701622260706333,0.08643172464717766,0.7006921438133481
-0.11390995686395583,0.7869113020807816,0.5919418671795529,-0.09460754227867664,0.702673746232218,0.08301669998058445,0.700290830172938
-0.11169329734408462,0.7925187570426273,0.5916440402375799,-0.09180121717660704,0.7043542333316805,0.07761412472542738,0.6995953817427184
-0.10864220063724864,0.7961911796508641,0.5915811123060364,-0.0876989853448817,0.7067708534361935,0.06980085553957241,0.6985067567808465
-0.0498425231396345,0.7429191138711057,0.5940834659749901,0.04246018739548358,0.7438980222147773,-0.12404939105603646,0.6553049775561831
-0.04652941565148286,0.7368234238734331,0.5938840177699463,0.05492253290849887,0.7447063664112008,-0.14025689916189338,0.6501722429041643
-0.04387179306645547,0.7314553792811227,0.5937376762395932,0.0657440910007183,0.7451915968900624,-0.15554971225084033,0.6451135446118061
-0.04146822357878749,0.726054762673221,0.5936875379183884,0.07638233740659509,0.7454514974102123,-0.1727730368980618,0.6392317899339787
-0.039672529813509744,0.7213718900621995,0.593756624940512,0.08525631510081157,0.7454392925861877,-0.1902074742912718,0.6331451164841836
-0.03846109759768698,0.7174628235735002,0.5939629420124412,0.09229434192801374,0.7451759075545676,-0.20799630629276492,0.626843008908026
-0.03769750058053181,0.7138471449429749,0.5943262335098122,0.09838931156386052,0.7445235144114332,-0.22835630530968232,0.6195624889256526
-0.037441220634725714,0.7109713734216805,0.5947498474984805,0.102940584956484,0.7435133757000238,-0.24788441732297517,0.6124903360645139
-0.03751274140316119,0.7082277006012506,0.5952311860087015,0.10714910547323983,0.7419820126158119,-0.26946600129291287,0.6044582998835252
-0.037726699498313504,0.7058965541176019,0.5956396855598183,0.11073052611564822,0.7402104791515475,-0.2894416633405919,0.5966998581054128
-0.02698858219882841,0.6700854080841812,0.5883798346699177,0.1853743648760495,0.7138158104504223,-0.47296844322891807,0.4820831726034644
-0.02630115137100862,0.6665486471550311,0.5873307832745585,0.19399712353101503,0.710405710330585,-0.48574528931981414,0.4708931478530975
-0.02590294392536463,0.6628044715691497,0.5862707886413925,0.2034981809937338,0.7063378595617209,-0.49918360920494476,0.4587930282634352
-0.025835307303128677,0.6592905631148815,0.5853330854267335,0.21278434544883068,0.7020668772273804,-0.51171406880261,0.44718411646835676
-0.026119829934675737,0.6558631094180651,0.5844842184201586,0.22215324811704262,0.6974530684040527,-0.5238629586873536,0.43563144083060784
-0.026855252932251578,0.6526278995347653,0.5836606516772153,0.2313108042616255,0.6924567421444796,-0.5357833081700683,0.42418771643793646
-0.028203205405451327,0.6496468349420024,0.5828059253733519,0.2399460433708809,0.6870319265978734,-0.5476230143287296,0.41294317076734616
-0.030198463620653253,0.6471278274203623,0.5818974485273088,0.24747197363419857,0.681358038424244,-0.5590915929474258,0.40239959795677094
-0.03312045365047235,0.6449243206425599,0.5807949718737995,0.25424872056727527,0.674854190204275,-0.5713341106063243,0.3917993671655383
-0.03704722288049291,0.6432136462689094,0.5794757637695432,0.25969507520732144,0.6676457710050357,-0.5840751795794082,0.38165924195732126
-0.04231681878616617,0.6420317407648071,0.5777897743265042,0.2637438110719075,0.6592526926948158,-0.5980608230225634,0.37168311941958676
-0.09795105687233803,0.6496510630591805,0.5559380710990731,-0.26854423716110526,-0.5793604024885328,0.7084946368212098,-0.3004344625895427
-0.09120315468104216,0.6510840580114404,0.5549264956276342,-0.2660598347121385,-0.5892891505552784,0.7010334611910105,-0.30083641348969026
-0.0829170909167943,0.6526099606059098,0.5540062261804869,-0.26325950495483263,-0.6014373720657084,0.6911519196500158,-0.3021200829103045
-0.07384652940873332,0.6541290525092094,0.5532466198531574,-0.26046066006715274,-0.6146402691485819,0.6796212293094347,-0.3041259094031199
-0.0644608820814448,0.6556073209950105,0.5526409764669954,-0.25785034884910213,-0.62814167696226,0.6670124811505563,-0.306668520149713
-0.054761150560512735,0.6570935500344252,0.5521464430473488,-0.2554416063842777,-0.6419316949293385,0.6532779653358506,-0.30967916426459424
-0.04591075008897932,0.6584323623378457,0.5518103391711863,0.2535159936071093,0.6543566060004037,-0.6401168455427425,0.31272591389496524
-0.036787183282215516,0.6597675862831961,0.5515711131960019,0.2518389420068237,0.6669533568131701,-0.6259174451853168,0.31619253460069807
-0.02705760915237574,0.6611859500186099,0.551449481291141,0.25039830921308526,0.6801515236031679,-0.6100447545860532,0.3202186582408331
-0.018873947465227796,0.6623493409355228,0.5514360510738487,0.2495012576822159,0.6910395836137677,-0.5960853179149747,0.32387607207094904
-0.010088153285979215,0.6635819806992308,0.5515298344563887,0.24888251918196633,0.7024910514974694,-0.5804642953879813,0.32806251841890216
0.07687638748369377,0.6918892649941453,0.5560915836770549,0.20413093041646058,0.8105296474671784,-0.4037449654680689,0.3719707739638014
0.0828753994164249,0.6968471880658444,0.5567466600530662,0.19235044209968594,0.8189016555559143,-0.3895796740141728,0.375005418023325
0.08867185217170764,0.7020068837935672,0.5575219266173722,0.18022458821392365,0.8269956837026915,-0.3748886262899525,0.3782271206810426
0.0944733057336962,0.7075127841271646,0.5584598946689547,0.16766846052715387,0.835044109800478,-0.3588481201474286,0.38185946197343096
0.09962563524351782,0.7126865441162784,0.559425072941143,0.15630082867710277,0.8420843211713472,-0.34330681428311616,0.38549251388194333
0.10519913743448057,0.7185748762027813,0.5606273900124157,0.14380324249411455,0.8495186380648703,-0.3250153380202303,0.38987657159693795
0.10971952992582015,0.7236496067597527,0.5617349340370997,0.13341327695673,0.8554303615519995,-0.3087410594415417,0.3938511803734969
0.11476864154981455,0.7296844563005441,0.5631260473704514,0.12153480335058824,0.8618332458739532,-0.2888819741782745,0.3987730593655529
0.11884323561458748,0.7348884488450349,0.5643791280266558,0.11170133100434591,0.8668096460803905,-0.27132187265900104,0.4031727812373482
0.12317136170550315,0.7408099916909996,0.565854301747514,0.10092856689181284,0.871879575995742,-0.25079244341806667,0.40834125394214826
0.12690166935882213,0.746321608023345,0.5672608169434167,0.09131956637035347,0.8760079279410664,-0.23120964215438386,0.4132952314716101
0.14170080480712918,0.8149475694410302,0.5747640338694067,0.0023143272524081627,0.8955870951343766,0.002004420394338799,0.44487569187023535
0.1399633547617119,0.8225954541578863,0.5739162636249782,-0.005751361204091063,0.8965594501848912,0.022243799416773777,0.44232712726665535
0.1374800452755073,0.8316841394019451,0.5727840442917732,-0.015339143955419623,0.8973437568611126,0.045664644438926934,0.4386953760109238
0.13516920152016074,0.8392231839775629,0.5718249151653318,-0.023327679921733423,0.8975902578714327,0.06480505147287949,0.43541687338384316
0.13253389337868682,0.8470912465955971,0.5708371981706297,-0.031704911978770824,0.8973489771314621,0.08482095620394983,0.4319317274595427
0.1294835051724408,0.8555577819132852,0.5698421973540443,-0.040781338431634256,0.8964196549688391,0.10659774329148214,0.4282588069689114
0.12651162651689654,0.8633212382620674,0.5689825847732914,-0.04913628877610214,0.8949283280054359,0.12678154049809465,0.42498865143393705
0.12323130708606479,0.8713342604709168,0.5681628379662866,-0.0578178248212378,0.8927235130375646,0.14787900934001633,0.4217032451848399
0.11977993782145022,0.8792498393072627,0.567403429592537,-0.0664607922436934,0.8898558301918296,0.16902487739829936,0.41853333844323604
0.11602421789750181,0.887404704976936,0.5666748310924937,-0.07541365136210763,0.8861733289042705,0.19103135540012803,0.4153512171415273
0.07430164497936476,0.9411848687260655,0.5733836880587381,-0.16512010045098888,0.8199829147956427,0.3576592112358682,0.41526288118303284
0.07015165940938003,0.9419288891770387,0.5753356179773849,-0.1734382162090267,0.813129666435371,0.3653983055650689,0.41859695294054605
0.06582703311760692,0.9421761253980973,0.5771519320834482,-0.1816435664111359,0.8063600480439267,0.37270761728381185,0.42175599547447234
0.0612966102076897,0.9420825076596474,0.5787306188422072,-0.1896737906006965,0.7996330185947218,0.3799482140359646,0.42455888093777683
0.056750135138726704,0.9417480671368728,0.5799555185115439,-0.19717418700384165,0.7931877527658415,0.3870966990926878,0.42676887702033
0.0518245873167426,0.9411756208568687,0.5809308164599456,-0.20474222801427244,0.7864897899632922,0.39476973181660957,0.4285688850029717
0.04651517380747889,0.9403864729259863,0.5815952545163386,-0.2123508519230637,0.7795700566000693,0.4030357606942626,0.42981370166818894
0.041223408588790984,0.9396115468312906,0.5819177562388085,-0.2194659151553763,0.772989580318799,0.41142100109890795,0.43017970739953837
0.035996737356791014,0.9390373758012347,0.5819469071880548,-0.22612952034134362,0.7667655958617051,0.4200075343817766,0.4295691237688981
0.02997467171769455,0.9387915979210019,0.5817124717490566,-0.23347385185407485,0.759890917041601,0.43042091635950586,0.4275436696506444
-0.047793194909071676,0.9805569124874441,0.5835653338251927,-0.3255537643934491,0.6600565035437765,0.5943176709869558,0.32423242368933414
-0.05518995646305775,0.9836669479799149,0.5835130601257716,-0.33182914364533755,0.6490599553265902,0.6072534429252976,0.31599659788424794
-0.06358755823262074,0.9866365783707686,0.5829484027204238,-0.33773824738522695,0.6367254221429527,0.6213344921221923,0.30733867629911354
-0.0722551314761758,0.9891415159701762,0.5818114324474974,-0.3426460964799116,0.6241163237225806,0.6354611596447967,0.29876676791935974
-0.08006528065616769,0.9909641835884103,0.5803195821001588,-0.34613083942608797,0.6128119732184383,0.6479943758242394,0.2911326439588499
-0.0886013033877157,0.9925058325997806,0.5782091049733871,-0.34900926626080864,0.6004419189609743,0.6616254460089541,0.28269029557451614
-0.09774372081653877,0.9936838884116738,0.5753856224198098,-0.3511026163253398,0.5870729099156913,0.6762982009393557,0.2733003744212854
-0.10536554918893642,0.9943135193318436,0.5725907047795615,-0.3521161509284132,0.5757317473492218,0.6886976803705243,0.26503334960308295
-0.11373919731174933,0.9946188278342974,0.5691077373716565,-0.35250854385027036,0.5629622754306607,0.7025708978640837,0.25535335601661935
-0.12121116354337894,0.9945458369675796,0.5655904708199744,-0.352169336095147,0.5512462110996752,0.7152146923828151,0.24611443936167346
-0.19351551780693238,0.9668429583158588,0.525093019959651,-0.3153444453871106,0.4021734195892824,0.8493750369201574,0.13181983157415997
-0.20116502947465792,0.9611199193399063,0.5262168975663756,-0.3140762705552205,0.381988317548052,0.8602951319335461,0.12382773317143059
-0.2073656069037601,0.9563508197746707,0.5277822733818579,-0.31376745210435897,0.36526166741870064,0.8684514803359579,0.11800816334784961
-0.21455275155990686,0.950695894771516,0.5301084393746405,-0.31401569673304114,0.3454846834384122,0.8772344511025928,0.11177742846145391
-0.22236065244108222,0.9443664652058823,0.5330505159978886,-0.31480587663053733,0.32345084833555343,0.8860995124836741,0.10537771456092988
-0.22998040296197478,0.9378128458963434,0.5361390930862248,-0.3158892951745344,0.3008964248411483,0.8943402723657365,0.09915024930241596
-0.23563687964727775,0.9325160786129165,0.5385186624799277,-0.31684757209507913,0.28303844853783044,0.9003275767389844,0.0943774722593251
-0.24243188446032887,0.9253941749028157,0.5415216176101436,-0.3182380933782028,0.2595864910363519,0.9074829272249502,0.08839743429351324
-0.2476868435790765,0.9189895165266444,0.5440011084834513,-0.31958605714471966,0.23911301339427238,0.9130833405461335,0.08347773428475527
-0.25273544893868344,0.9116145885390619,0.5465805439841145,-0.32126321025304067,0.21625192487562062,0.9186320046163859,0.0783600333076736
-0.25713215047808313,0.903431628196652,0.5490872703644636,-0.3233012071120028,0.19174910486476734,0.9237583475474171,0.07334252245421852
-0.260795901829141,0.797919675374558,0.5601167067623929,-0.34020199393515566,-0.07719755906546495,0.9371486203181192,0.007456784342067378
-0.2585363365476873,0.7904114228007542,0.5595708325316641,-0.3391807142173429,-0.09301094303240116,0.9361117079614922,-0.0005270641842990724
-0.2545557950575941,0.7779739569962707,0.5587120692744473,-0.33764565212091285,-0.11858827479412183,0.9336668775609667,-0.014085326788975202
-0.2504915853324915,0.7658402824550261,0.5579861272976966,-0.33651193325920414,-0.14299063530154013,0.9303517581702341,-0.027550010159147806
-0.2476247526347956,0.7576155083033206,0.5575794324776798,-0.33596866906610834,-0.15918462653162505,0.9275949941737467,-0.03678090354710819
-0.24480581676853636,0.7497123028488357,0.5572372401129944,-0.33561761981247185,-0.17449563594910422,0.924564396309709,-0.04574673084049135
-0.24165747025927015,0.7411549484843961,0.5569360887120297,-0.3354269521186582,-0.1908102433217116,0.9208657523545883,-0.05555607056222061
-0.23703733304893146,0.7289712005605965,0.5566405686481041,-0.33551640062144494,-0.21351400553735184,0.9148702458592388,-0.06966310066944838
-0.2338344267557624,0.720745265721562,0.5565291487050403,-0.33582088142360145,-0.22851737362574498,0.9103386865291615,-0.07929452288417031
-0.2304807804894585,0.7125711560021907,0.5564867818430672,-0.33626470610428216,-0.24335511595068077,0.9054267624275639,-0.0889196988814688
-0.2230642990424418,0.6965861896497685,0.5566238436426433,-0.337280639896963,-0.27330741295074923,0.8943860099028526,-0.10778911478863872
-0.21644672080567337,0.6849800351069791,0.5569005894063377,-0.33789495378927875,-0.29699685252743196,0.8847981928444327,-0.12145792576759237
-0.1363414703238045,0.5698185365821996,0.5421020647668964,-0.2889639916977821,-0.5092657037725826,0.7912700907040348,-0.17618143494797897
-0.1365714022137054,0.5588058281702505,0.5359075088256603,-0.27284009834379586,-0.5132521064263882,0.7966353531801252,-0.16583928982059812
-0.1366403541908436,0.5516479887834487,0.5316285952798734,-0.2621689135928409,-0.5160064300651573,0.799802165973189,-0.15912674250909822
-0.13660210752107502,0.5412587554880338,0.5248406041639153,-0.24631736082398015,-0.5204361556246738,0.8038117212547151,-0.14953488706269064
-0.1363768810356494,0.53089834511597,0.5171217525552215,-0.23001041874589687,-0.5256144481058576,0.8069290038225196,-0.1403219227373544
-0.13610935418465533,0.5243018467045596,0.5115395415213669,-0.21927799381075955,-0.5294704511575664,0.8083485166982474,-0.13472519561342197
-0.1355944124853898,0.5147992766633536,0.5026786007594629,-0.20344202665813968,-0.5357810435372887,0.8095701874006338,-0.12706741064264013
-0.1353380838747804,0.5087766034992078,0.4965280288679581,-0.1929824456622975,-0.540037925671741,0.8100411986161583,-0.12227048313824121
-0.13565879909073428,0.5008664644472509,0.48747598026206507,-0.17807543220498645,-0.5453631879989563,0.8108792866631344,-0.11551154090093665
-0.13667959844053865,0.4967556062872852,0.48179774192273994,-0.16895132833265747,-0.5474276338615389,0.8120440854900626,-0.11118829776552663
-0.21682149345617452,0.5342602142597692,0.454021852079468,-0.14575842604322561,-0.4302640147590141,0.8876876305064614,-0.0750868130012226
-0.22964693814683024,0.54138040350554,0.4518859942091218,-0.1471604789131616,-0.4094354491890814,0.8975001734453666,-0.07210995117818983
-0.23818828295529107,0.5465050415230803,0.45056099013680906,-0.14825114630027295,-0.39528549526572904,0.9037930481594761,-0.07020755622997538
-0.24548005265265477,0.5513296674577818,0.4495273054022151,-0.14928557923689378,-0.3829608455067989,0.909035705821341,-0.06862136826469752
-0.2533343948190332,0.5572486078561544,0.44857749314103057,-0.15052591247423935,-0.36935738012084174,0.91457146617764,-0.06690372693465968
-0.26010786852968787,0.5632774329083202,0.44793785595961194,-0.15172657475628687,-0.35721636282536895,0.9192928130960573,-0.06539296928934157
-0.2671766258939693,0.5707236855318445,0.44751238736796406,-0.15312099353461414,-0.3440974369244589,0.924169260117088,-0.06373455809547023
-0.27306738389476076,0.5778442104457726,0.44733408111155526,-0.15440560427526032,-0.3328477325556913,0.9281643632131215,-0.06230739251571705
-0.2788842137365215,0.585651834563561,0.4472923522076618,-0.15578929847653192,-0.3214480290147307,0.9320389465174026,-0.060862642872825105
-0.2844789404770799,0.5937438678968341,0.44735378030170825,-0.15723014926144985,-0.3102964297934846,0.9356607102435212,-0.05944611953045084
-0.2899493333054257,0.6019903040784153,0.4474664004665283,-0.15873315274294708,-0.299301240747194,0.9390680074555219,-0.05808468714721998
-0.3455702383380688,0.6990405429470287,0.4461561981847057,-0.16421931487107175,-0.1485981969246384,0.9743242137664544,-0.04053293676015346
-0.34837535740044606,0.7084266389493313,0.44590539531747286,-0.1618505094479687,-0.13017865203098417,0.9774643832482237,-0.0377002735798899
-0.3509284099704496,0.717903164592573,0.4456564209688802,-0.1593189901912948,-0.11113698504766213,0.9803409766981256,-0.03460634805215924
-0.35334669554510884,0.7274171877173446,0.44540646967901154,-0.15678622202817946,-0.09168990306056268,0.9828687906356464,-0.03130467462371837
-0.3556942296113918,0.7369248397712685,0.4451418399591706,-0.15438766583230196,-0.07203173447450292,0.984987692265974,-0.027841047968762724
-0.3581288731656239,0.7467687141028919,0.44484208373944545,-0.1521469959198943,-0.05158479670676956,0.9867154285046366,-0.024144637752191073
-0.36041871500799766,0.7565713334059866,0.44454978146228663,-0.1501713080564151,-0.031484055630582444,0.9879489202017643,-0.020353465303080107
-0.362317940403999,0.7656281298712175,0.44427689485367583,-0.14860189667290083,-0.013544322474258868,0.9886619373321773,-0.01678098043964262
-0.3639407300874054,0.7750498105402363,0.4440054602628276,-0.1471985127557022,0.004198473344242478,0.9890125830560847,-0.013003123502380804
-0.36507754178708857,0.7845049475205519,0.44374504734533027,-0.1460108382949644,0.020652237772482266,0.9890246734918052,-0.009193225756967158
-0.3388263229141436,0.9031186496911483,0.4411750629678296,-0.13753388266660205,0.13186686294568772,0.9809122604523922,0.038816219157600945
-0.3352663888080688,0.912611965742772,0.4408381817306808,-0.13701039913879864,0.13937121361658053,0.9797838903806319,0.04274743844328872
-0.33170983274550614,0.9215529683353803,0.4404978215600311,-0.13652159261300043,0.14694508759069724,0.9785836659376778,0.04629259922868661
-0.32795064814054686,0.9303883726594615,0.44012222632529424,-0.13604598861109435,0.15518314290986876,0.9772192230029094,0.04952041329628841
-0.32391564714892135,0.9390838937520376,0.43971475350209055,-0.13556344272663354,0.16433573266677484,0.975643605388012,0.05230559463822418
-0.319604984607887,0.9476136883340537,0.4392808691919108,-0.13507924217259115,0.17463947988220438,0.9737973020249505,0.05452948715584045
-0.31452645784455646,0.9566125148150992,0.43876759109828145,-0.13453084633167225,0.18734753873724874,0.9714162236322273,0.05615043702840965
-0.3098695986155323,0.9640985436856293,0.43829006404256116,-0.13403081293593272,0.19957319653510852,0.9690069092721505,0.05684971584208835
-0.30445404393637576,0.9720596140665091,0.4377234587323292,-0.13344537786629904,0.21414096646801908,0.9659645070913343,0.056996040617387195
-0.2987487909962038,0.9798443869860074,0.4371253134265696,-0.13281235648963793,0.22976561849541952,0.9624769664169873,0.05662797575262772
-0.29227796249811167,0.988070567648388,0.4364449820791375,-0.1320602889093982,0.24755217226780504,0.9582086529103464,0.05580483479409786
-0.28657587098372156,0.9949561079294259,0.4358260403311002,-0.13137122130423348,0.2632057830440834,0.9541773807467964,0.05486204568158423
-0.19954610541432521,1.079927005302677,0.42483684754821815,-0.11933144503808275,0.47525223358885244,0.8706623133206887,0.04292384951279107
-0.19195127486634467,1.0859484342429826,0.42377387258401683,-0.11821740829465095,0.4914117708986306,0.8618286330700226,0.04231457218292484
-0.1838987614734188,1.091920185938211,0.42271206006805634,-0.11704387557308221,0.5078931961330845,0.8524040131630214,0.0418644342626134
-0.17661623457552172,1.096880243119467,0.4218316882387861,-0.11598805209083386,0.5220951133385061,0.8439340620273131,0.04169848139088148
-0.16685186684437095,1.102746357547316,0.420809651982461,-0.11458281255935117,0.5399129538744782,0.8328316527464906,0.0419072724962261
-0.15914770903344694,1.1066930383799947,0.42015960638459043,-0.11348950745709081,0.5529291461577426,0.8243694287253663,0.0424798306191291
-0.15086561192472953,1.1102258949846937,0.41966586134262185,-0.11235588705754444,0.5658244089023243,0.8156742990135095,0.043523911389802536
-0.1426837461584356,1.1129937756596657,0.4193826524612616,-0.11127835230445779,0.5774673519033653,0.8075418075991931,0.04499794188123999
-0.13357407546708164,1.115368970165894,0.4192814811488189,-0.11012375354351846,0.5893996650016473,0.7989158442298767,0.047056005354211436
-0.12427028332539308,1.1172150409700283,0.4193522923904497,-0.10900490855891765,0.6006846924838448,0.790470163384388,0.04952525542296211
-0.002296815504486944,1.1234541857746827,0.4246499231377927,-0.09858453339716515,0.7213155158038078,0.6796312832951102,0.0899240524119741
0.008374355258681397,1.1233165029571435,0.4252026172182365,-0.09803920586690247,0.7306937712313339,0.6691205435550169,0.09355546477548453
0.017443394299207486,1.1231172118589108,0.4256783684529696,-0.09761539095300094,0.7385375471075059,0.660068644972677,0.09665873413952548
0.028109416211263265,1.122774976627511,0.42622088183095286,-0.09714230275768154,0.7476601076591013,0.6492488090072713,0.10021836375014193
0.03717834704897234,1.1223694162094477,0.4266562085603005,-0.09674165148750169,0.7555142336687753,0.6397089232973585,0.10301353816410805
0.04780207473660355,1.121734254881115,0.4270299159279227,-0.09619634735386351,0.7650346866528492,0.6279182600550407,0.10576790469325677
0.05682813494119716,1.1210126762734471,0.42721052759077494,-0.09562319661936412,0.7735606795207627,0.6171785377978277,0.10747433111867047
0.06619130405627077,1.1200660601115782,0.42719769517506617,-0.0948500549123976,0.7830049083636814,0.6051006209524898,0.10844362168615138
0.07666286641238623,1.1187291525039587,0.42691430243742795,-0.09371335513393894,0.7944569458015783,0.5901850600273183,0.10834003534113858
0.08592238212718262,1.1172773377665057,0.4263540007862319,-0.09236722709850646,0.805462248162854,0.5755367341967909,0.10703424560703177
0.09547615840580802,1.1155037802410837,0.4255019284350549,-0.09061283265842196,0.817590007828674,0.5589296366459781,0.10456364059806178
0.21129572133607308,1.0608434912290057,0.40971839008650934,-0.0580990862148839,0.9384373652979494,0.3343596387948933,0.06452472036814401
0.21792875367343523,1.0535461183831172,0.4088402486463485,-0.05692698713158181,0.9415032744507403,0.32587942278860627,0.0642923334280164
0.223843382973469,1.0466304380047737,0.408034171449689,-0.05591302281799856,0.9441270126845701,0.3184045529153564,0.06415963280315239
0.23015071963617986,1.0389733050937842,0.4071486130625599,-0.054831603626390515,0.9468806292216225,0.3103367538312258,0.06404426961188539
0.23605305799636528,1.0315074881063047,0.40628404808418767,-0.05379817639188533,0.9494559320314212,0.30257678138145616,0.06392558733473948
0.24208035866923788,1.0236139735663137,0.40535530098262385,-0.052718764300989686,0.9520707242075549,0.2944687601495035,0.06379825462732458
0.24888320319797597,1.014314836904515,0.404263820706682,-0.05147616036175827,0.9550082884102125,0.2850586649414547,0.06364692862976694
0.2541459397724944,1.0068298253565533,0.40337757790437967,-0.05049151064038188,0.957268700486614,0.2775817008752879,0.06352670116654677
0.2592815302402754,0.9992500157798183,0.4024770124813094,-0.049502960057150616,0.9594652108066014,0.2701047150517236,0.06339880995926751
0.26470065061415815,0.990927252078606,0.40149346132563113,-0.04845167886547673,0.9617814546433948,0.2619682221477826,0.06325756005318327
0.2699710666126945,0.9825017547229346,0.4004738346937494,-0.04739360387750339,0.964026347361055,0.2538184030906876,0.0631131219137366
0.2752644085627593,0.9736305423315266,0.39945132976094144,-0.04630877731740371,0.966313327464834,0.24521942800841343,0.06294030850285084
0.31253688332731644,0.8304410120757678,0.39838106070673523,-0.030767953396072738,0.9975937986487535,0.041408455494668546,0.046317229568630054
0.3130802511381262,0.8211503088760126,0.3985083440743017,-0.02969264934377238,0.9981901923649928,0.026572365358608897,0.045039936062729914
0.313513307557233,0.8114270125759522,0.3986063610533426,-0.028551826895851267,0.998574016451637,0.011083410248711307,0.043725105669555536
0.3138847634366643,0.7969743454618532,0.39867230768468154,-0.026821136833765327,0.998694498072053,-0.011831334222831882,0.04183235195470401
0.31392265535568714,0.7824540357145751,0.3986476033191353,-0.02503678955280853,0.9982820984305578,-0.034738444122247726,0.0399906441800566
0.3137768133921039,0.7725937141384015,0.3985718781572838,-0.023800424570789264,0.9977014797996021,-0.050214678779635175,0.03877864142788355
0.3134694336459272,0.7623182202056538,0.39846259339415735,-0.022509367468139526,0.9968384744322106,-0.06630753136844388,0.03754591258272896
0.3130082709072491,0.7524237176742004,0.39831347637785086,-0.02123418193270935,0.9957620352142165,-0.08174252662323406,0.036403819647668284
0.31238096607539173,0.7429360977326759,0.3981474440540178,-0.02000451033144114,0.9945031022937613,-0.09649796891065782,0.03537712665835686
0.31098243479080556,0.7279345638112849,0.3978576643268322,-0.01802213962416277,0.9920722533638582,-0.11963638684988008,0.03398501920596515
0.30904052287995387,0.7134344695535411,0.39757387227358293,-0.016078059432440322,0.9892199155826392,-0.14176308999684512,0.032995165314170405
0.23407611129357955,0.5562241915605803,0.3887620716435778,0.0020099615632611107,0.9233241723336266,-0.3836352992335912,0.01709941580553708
0.2227212809521047,0.5413069765542746,0.3877099379049526,0.004427359241068917,0.9138523067997691,-0.40575129710910507,0.014840644904112372
0.21679935689069005,0.5335040099131209,0.38712648189020415,0.005749295835401522,0.9087403365833331,-0.4170937484429457,0.013811273425001531
0.2077461693572352,0.5216019863243231,0.3861570472220688,0.0078039011819543095,0.9007080731946607,-0.4341792573577265,0.012346598260133995
0.2019516265302126,0.5141291362953161,0.3854851349225491,0.009109544771104854,0.895467573507178,-0.4448862268104917,0.011449287556601987
0.1954975296872662,0.5062717747941169,0.38472497303667286,0.01046432460178631,0.889677970488631,-0.45634859179335024,0.010467545370589658
0.18928500158614323,0.49937114506479924,0.3839983253899857,0.011612364789236431,0.8842596223034365,-0.46675401965353247,0.009526724781129717
0.1822046620893915,0.49245443040156084,0.38321077780480517,0.012705849831812104,0.8783309964832714,-0.4778098263572409,0.008425665149897664
0.1746602112122117,0.48626716157806055,0.3824319536108947,0.013585134200455427,0.8723847975907628,-0.4885778223010853,0.007205596214644423
0.16754623745299999,0.4815184663439982,0.3817708113459273,0.01415473151852936,0.867131362390545,-0.49784234300935176,0.00598710625548384
0.05064893068433267,0.4488991758005755,0.3775029366256798,0.01652342227218661,0.7749291832664744,-0.6315520045121253,-0.01880965271041383
0.04159988001686878,0.4467573890660851,0.3775872644258424,0.017306315417223907,0.7645188832048138,-0.6440328852076601,-0.02080892695553434
0.03268119108767886,0.44474845610112773,0.37770606036001575,0.01831201723348984,0.7538917088854433,-0.6563526389905854,-0.022653357118108664
0.02318281896967874,0.4428429425916547,0.3778809510092007,0.01970393091060573,0.7423462084539028,-0.6692831839967799,-0.024369684444350746
0.01424993192747564,0.44144701108326734,0.37811132419882065,0.021379946959083716,0.7313155402292006,-0.6812209834881207,-0.025660283372882797
0.004795267918588196,0.4406194611848942,0.37846110567159963,0.023593833829460432,0.719629285339906,-0.6934495690479582,-0.026546522815710922
-0.0034566150355749836,0.4406309405683527,0.37887567820041473,0.025935367520385996,0.7095440993014117,-0.7036741849108025,-0.026780017704414266
-0.011949639264488976,0.4414516784475292,0.379424831173293,-0.028709108733427267,-0.6993798004093045,0.7136836819578972,0.026443977805779145
-0.020062698222093694,0.44285610311945195,0.3800525876204788,-0.03160241531419226,-0.6898892436689213,0.7227715073364452,0.025602089735719515
-0.028547147295090322,0.4447984933594687,0.3807742341618695,-0.03477691309107604,-0.6802388898569504,0.731764090882884,0.024226727727571562
-0.13234122504492138,0.465417033600027,0.3888281939854765,-0.06340147805039581,-0.5693445111601227,0.8196064310182904,-0.008507551135682788
-0.14058776975961612,0.46595205070664303,0.38787366831102976,-0.06200040113435065,-0.5605149374908922,0.8257573010231417,-0.010189941890773166
-0.14710749598570105,0.46624184752742026,0.3859618792034709,-0.058802223315393566,-0.5534421666731881,0.8307464400545002,-0.010218562424739671
-0.15266501999429696,0.46635054710411994,0.38251897167343557,-0.052916655276940554,-0.5472823955577294,0.835234633623068,-0.008056916496633515
-0.15624525450149068,0.4662717798143412,0.3777101089085012,-0.04459534945673083,-0.5431253544786937,0.8384598719631771,-0.0033387477769680923
-0.15812993502463712,0.466031577571825,0.3718633723102672,-0.03438575560649128,-0.5407427526156239,0.8404771453499461,0.0036143394215844976
-0.1587983239688258,0.4655839561918683,0.3642156248217103,-0.02108531767995187,-0.5396000857154056,0.8415448929376521,0.013760452202531952
-0.1584295420276147,0.46508133843480015,0.35707097190812565,-0.008851553479138553,-0.5395776060354668,0.8415511302064874,0.02386110463126751
-0.1572821683350101,0.46432003386725984,0.3485504708066023,0.005303817623349375,-0.5402317724499237,0.84071707585453,0.03628084785173171
-0.15581752370913152,0.4634702367997028,0.3404677065437661,0.018088244300591375,-0.5411141929561046,0.8393748020306205,0.048147557732893045
-0.15401111053239502,0.46232429507333334,0.331285551706973,0.031492694159910815,-0.541990256216978,0.8375545863151376,0.061295084002581934
-0.14516260993278512,0.44953882932096106,0.24542998824280507,0.11009053885545135,-0.5421865521665382,0.8163838119011436,0.16562393417026508
-0.14547973894399557,0.4488672936509519,0.240037838074365,0.11452525531669926,-0.5425248472550996,0.8139366237327224,0.17337222543433062
-0.14585235800824653,0.44832848587062407,0.23450868621060864,0.11915166931535053,-0.5427886413558685,0.8112926403343285,0.18162494942537363
-0.146208542207909,0.44812102699006046,0.22949191420149248,0.12341742609571936,-0.5429137488856853,0.8088038903532806,0.18933849887489046
-0.14656173610244877,0.4483485665502831,0.22473976536187465,0.12749997071265504,-0.542920391615531,0.8063896394060642,0.19676624531374373
-0.1468759468826111,0.4491362134208122,0.22022885734275163,0.13140368114172254,-0.5427808913686768,0.8041023858681882,0.20381690211686732
-0.1471444746019028,0.4505540734825939,0.21590649853256663,0.13515149103954685,-0.5425057587254799,0.8019531394742608,0.21045840041883687
-0.1473828004857363,0.45267723117836683,0.2113787136056547,0.13906593925957758,-0.5420882002890356,0.7997609297738975,0.21721763936760977
-0.14753858561837135,0.45476014044415924,0.20776224144308686,0.14219109390082477,-0.5416596834673011,0.7980576374846483,0.22246457554813473
-0.1476843973738913,0.4575201188466193,0.20354199004944554,0.145846096628318,-0.5410849816187406,0.7961004892990333,0.22842935385534452
-0.1477920390248093,0.4603554874668293,0.19950942760138446,0.1493361882053251,-0.5404656706408204,0.794261250356963,0.23397569944860885
-0.14843572157291898,0.4908391932431525,0.1535821958646566,0.19166580710569017,-0.5309849847196059,0.7705068277092134,0.2960378233306157
-0.14856331659529437,0.49337902728705313,0.1502102262424858,0.19504072683920873,-0.5301406121033498,0.7683353913884451,0.3009497842044146
-0.14872682663437814,0.49628653307411014,0.14652855480192495,0.19874614263303486,-0.5291873936109331,0.7658868316502778,0.3063952257076729
-0.14892663481909815,0.49939903200869595,0.1426936503269849,0.20262073600682104,-0.528177122585211,0.763247005903607,0.3121342219251848
-0.14916240292103822,0.5026767962610824,0.13870378958526564,0.20666092052644391,-0.5270900930785596,0.760419891152357,0.3181648736825546
-0.1494242599118571,0.5059681343804121,0.13470167218574036,0.2106985911673506,-0.5259683817989792,0.7575183005768915,0.3242366255051319
-0.14966497851841168,0.508835453644485,0.13115269106853092,0.21427139737730208,-0.5249430567394203,0.7549017153292128,0.3296148595559127
-0.1499191492173414,0.5118764060687493,0.1272875618129607,0.21816203793326183,-0.5237786942743962,0.7520199851111989,0.3354506619793241
-0.15018442899306925,0.5148222749112905,0.12340256681808903,0.22204158346402925,-0.5225880583416594,0.7490906727618751,0.34126590874659923
-0.15047244364689338,0.517861266759371,0.11920817347455327,0.22622719916415632,-0.5212625775578278,0.7458809228699046,0.3475172348169943
-0.15071280045707688,0.5203600314175597,0.11562247104171774,0.22978929318814795,-0.5200835742971642,0.7431214275415179,0.35281794230315716
-0.15097769151841195,0.5229635462789114,0.11171008947537887,0.23364878576820258,-0.5187777644632776,0.7400808472647489,0.35855015760618497
-0.18711571637142116,0.54782670755422,0.0831528420612026,0.24158276784999433,-0.4882261849958063,0.7140678217259004,0.43975004779761423
-0.19394170753332424,0.5516052164153942,0.08235200418425855,0.23919864793501125,-0.4834109550174705,0.7115724249391313,0.4502916160238873
-0.2002886600566372,0.5566107011482507,0.08118347405147443,0.23819853127550308,-0.47830069752465465,0.7079184691598125,0.4618888864954963
-0.20498478405153103,0.5621055206270421,0.07969144849237195,0.23902110914310137,-0.47371248340405603,0.7035489309447182,0.47274125504096615
-0.20867187845536675,0.5681466160618509,0.07786821849574199,0.24123536004344226,-0.4692635740078591,0.6984302879734611,0.4835207668915467
-0.21204641515077471,0.5756601126275759,0.07543657373369209,0.24513348176017613,-0.4641343086568528,0.6916929370989112,0.4960340718289826
-0.21455104293964622,0.5830379050529126,0.07289029506864851,0.24980549279675435,-0.4592644795059041,0.6848455799212605,0.5076020934699286
-0.21678804023570075,0.5912946636697929,0.06988257405220932,0.25577359836487373,-0.45379584046230265,0.6771511258917853,0.5197264225167739
-0.218653632766367,0.5993507032794451,0.0667996027164248,0.2621739334815658,-0.4483132187257365,0.6698735469154308,0.5306123987069221
-0.22043408387710753,0.6074015186887081,0.06359726346977407,0.26897794635512445,-0.4426051787906082,0.6631282513240735,0.5403817561485492
-0.22236846203014876,0.6161042548815722,0.06002286632540881,0.276744986314971,-0.43618795616978084,0.65678624499393,0.5493488034288682
-0.24507138444473303,0.732620387330235,0.022761737752272176,0.4057099898665457,-0.333369545485797,0.642270540187816,0.558348191966206
-0.2459986780405935,0.7410842492623799,0.022333634354936006,0.41580742280040245,-0.3242202533712896,0.6430829670559292,0.5553644856582808
-0.24694142460687457,0.7501932572745591,0.022178044482990933,0.4266701142151215,-0.31394708258474574,0.64411455801976,0.5518208759363777
-0.2478702101212984,0.7595078627512444,0.022276758741914388,0.4377527303834542,-0.30293164221833474,0.6453061060878508,0.5478914095242496
-0.24875749519383142,0.7682378159053992,0.022561595921392768,0.4481257078863779,-0.2920919598150916,0.6465131672641523,0.5439543744624045
-0.24965747492682086,0.77670458169949,0.023000837666535625,0.45816771971900333,-0.28103691926478924,0.6477641470387188,0.539909437247439
-0.25053916914196184,0.7845930555221523,0.023530435067660036,0.46750678432661147,-0.2702304439541237,0.6490127467133294,0.5359061189915337
-0.25151072674293684,0.792850695271589,0.024240672332982875,0.47725547233280274,-0.25832188554887486,0.6504406055846637,0.5314358250828817
-0.25248577211301315,0.8001463114825519,0.024997060430776114,0.48579122370725647,-0.2472224921118635,0.6519578100129337,0.527104297389184
-0.25365568599265526,0.8073532965368263,0.025872469306002358,0.49403632251751595,-0.23561119965773547,0.6539146525597473,0.5223132219242363
-0.2983012724785793,0.8586853215831305,0.03974235248793041,0.5058594562488452,-0.08147429396608838,0.7462751896645853,0.42490174303883177
-0.2997873537187376,0.8630043829767658,0.041002641070441236,0.5058357667478635,-0.07089770416763753,0.7506020298041214,0.41916617883160845
-0.29997941231187747,0.8685055519376166,0.042418548673265236,0.5073329239843747,-0.060625579717796335,0.7533032691303458,0.41409181112753196
-0.2989317645263545,0.8750794653875508,0.04398851377915175,0.5102655867808367,-0.05064596581219683,0.7545404194558893,0.40955191673521535
-0.2953546735123937,0.8866086911387918,0.0466223122856179,0.516885758714855,-0.03591413793664538,0.7542794888465493,0.4032390604088653
-0.2899936513947693,0.8992354509498613,0.04946723093964833,0.525245166362672,-0.021527792094488733,0.7522849715707915,0.3971415250624375
-0.28377604618695096,0.9118117377412884,0.052369724553508426,0.5340294879631292,-0.007659613369698539,0.7495993880259603,0.3909662309969628
-0.27938860636288354,0.9201230748347808,0.05434068439750925,0.5398481269571678,0.0016913397287294327,0.7477758325945184,0.3865131865516805
-0.2747326947009505,0.9285625764524303,0.056399166275624094,0.545680701587004,0.011432775224991833,0.7459652849022732,0.3816250218301209
-0.2679759406868058,0.9401932085406183,0.05931549220851441,0.5536100874280876,0.02525727947691018,0.7435309731186747,0.374218696679478
-0.26086741457610263,0.9516868492479811,0.06229188296845635,0.5612643545157822,0.039445890401509386,0.7412221456525084,0.3660820630332851
-0.25593075356120853,0.9592842115501726,0.06423338585144522,0.5660378117921371,0.049171805844070327,0.7398919882410364,0.360198799093401
-0.18289770633259167,1.063128282962763,0.08254216112635507,0.553565403157716,0.24091397783287896,0.7438677916034865,0.28668189396354743
-0.1785276013709023,1.0666786880307468,0.08632044666883343,0.5503251928439409,0.2577997914165973,0.7432090453201885,0.2798602590956637
-0.17453001600545362,1.0696009377739562,0.08961504932121023,0.5451879556849965,0.27469143400870427,0.7437349150248707,0.27234736134430304
-0.17093087414938518,1.0720375061457192,0.09249635581199803,0.5387209667194538,0.29127001005075476,0.7449822309108435,0.2644673456005353
-0.16588902610651218,1.0752653737060271,0.0964949570120846,0.5265661884829164,0.31706501965389405,0.7476327908119793,0.25148167440420116
-0.1614498142069689,1.0781191610365555,0.1000971717073405,0.5128658245231751,0.3425266285530223,0.7503284678632832,0.23801543034476141
-0.15756358684114213,1.0808059147971794,0.1034721661597449,0.49773245667694876,0.3679951454803757,0.7527900475153325,0.2239399893611453
-0.15511955663874058,1.0826589983150363,0.10576915895788448,0.48592330593609007,0.38629884656157487,0.754392096485178,0.2134111212051416
-0.1526210264694963,1.0848400018300228,0.1084152376301846,0.4704011978067408,0.4085823376197632,0.7561473818463207,0.20006079929388412
-0.15119162705887404,1.0863288992449882,0.11018399546579416,0.45883826690375384,0.42406171312110696,0.7572279699270125,0.1903809597879131
-0.15006295557407037,1.087650792147387,0.11181952826620119,0.44759811181376075,0.4383809931822954,0.7581509233378221,0.1807905212096811
-0.13997013621209775,1.0773237323498899,0.1335560423256713,0.35728206372394317,0.5062542369514923,0.7847983557939661,-0.012153816392798314
-0.13876644810464994,1.0754036815800048,0.13524596672580919,0.34942605140908256,0.5073657404489527,0.7870548108818345,-0.032033805317240364
-0.1368752503964318,1.0737642893428219,0.13672370572811385,0.34038357875409736,0.5103615410115778,0.7880410466770967,-0.0515890058336726
-0.13432143730793117,1.072638707646698,0.1377815246910839,0.33135315756420813,0.5153467185481099,0.7873633356262973,-0.06842384354415453
-0.13065577773494316,1.0719232424551415,0.13851367843779394,0.3213321000284218,0.5233226214150943,0.7846775942746642,-0.08461789674698685
-0.1255985717896721,1.0716146641940998,0.13894314408806852,0.30995778690430065,0.5348513092106045,0.7795386787957349,-0.10089447772048996
-0.12058123820480232,1.0716826293069606,0.13911666221498062,0.29993217752769735,0.5465059279087908,0.7735475873520861,-0.11400039362130338
-0.11463834683739069,1.0720299170775136,0.13916969809762444,0.2888093200831076,0.5604760507347053,0.7656055939265662,-0.12768652134940112
-0.10828305835111404,1.0726019546791907,0.1391548518734575,0.27758760327324056,0.5752115679086526,0.7564421666453189,-0.1409681636896184
-0.10113394660295319,1.0733782430430032,0.13913335259017687,0.2655403371472078,0.5912441688900935,0.7455971825949242,-0.15493064063548262
-0.09430129048752064,1.0741460188797218,0.139162827296884,0.2546068558114257,0.6056104442041231,0.7350725316325297,-0.16757002143595953
0.011089074657314422,1.0750397600062116,0.13410440550957786,0.15190455120008112,0.7376252902748657,0.5913257752680586,-0.2883882209370755
0.017659574124906034,1.0739822466726188,0.13167534443385243,0.14281506554074933,0.7443995238842626,0.5790150988240689,-0.3003576555195961
0.022914340504734794,1.0727921625496109,0.1287630670044142,0.13348639857618147,0.7499786993251166,0.5672875623585159,-0.31288680628479726
0.026961641238451142,1.0716060090712172,0.1257088623393795,0.12448500951206645,0.7543614890031115,0.5565382685398463,-0.32512671678356286
0.03075868488293522,1.0702208736125087,0.12201491451096784,0.11389745223503642,0.758532960819526,0.5443634906869684,-0.33959315030169535
0.033698611291156075,1.0689648966215863,0.11849525805012412,0.1038264951658731,0.7617176424635301,0.533055853294766,-0.3533521604993544
0.036624753251315076,1.0675803726104172,0.11445188655183429,0.09184180127878133,0.7647234282585383,0.5197219571932664,-0.36966504977016373
0.0386911231709333,1.0666014714191365,0.11143059250684552,0.08233154731219863,0.7666218212876516,0.5091031751186987,-0.3825264128486329
0.0409464922198392,1.0656250009149202,0.1082412566097807,0.07151358815422462,0.7683523873690266,0.4968542063595454,-0.39705958388691676
0.043214367069977236,1.064784817568472,0.10525153362353769,0.06025002469321877,0.7696821275287239,0.4839396520190715,-0.4120215653227191
0.045495385783360806,1.064049995984121,0.10239079795066333,0.04847483440717131,0.7705156553567722,0.47040894736059297,-0.42740055863606413
0.07277266411861763,1.0502165940235784,0.0634704215155448,-0.13034311794996012,0.7495298441818596,0.3104279799804539,-0.5699562733482761
0.07558828938797063,1.0490987415142508,0.06076429069609698,-0.147032190463572,0.7465477780712606,0.29560618775999553,-0.5776373704863198
0.07883661864130886,1.0478926048137325,0.05828874677141858,-0.16431720882910136,0.7432543235947563,0.28001786307015514,-0.5849468879325188
0.08240470764233332,1.0465608414557805,0.05624987802190134,-0.1808641479693526,0.7398973455322818,0.26504983583793446,-0.5912602325337696
0.08664511167794173,1.044858132935457,0.054525559192293516,-0.1979973387172533,0.7362307213630443,0.24969324234419304,-0.5970047432891809
0.09090744689105218,1.042954745300256,0.053326809228051615,-0.21309233038935135,0.7328517174701172,0.23643215459724737,-0.6013483642638752
0.0961224109439501,1.0403490512863,0.05239843257622,-0.22946060327921391,0.7290769252707804,0.22255866026716492,-0.6051960932793012
0.10193997333590626,1.0371409054736287,0.05180751800997273,-0.2457913872945392,0.7252550722093535,0.20922937975190786,-0.6081239518511526
0.10820203168901385,1.033401507990847,0.05150673617078293,-0.2620597577384063,0.7214954516648847,0.19635312013519793,-0.6100938032910549
0.11481725439227577,1.0291744454770226,0.051340788016426074,-0.27817658840762793,0.7179443278633872,0.18376778240893046,-0.6110672057140574
0.12169528337216282,1.0245314355673774,0.051248460323123524,-0.2940745854593524,0.7147347938936282,0.17130603977938158,-0.61100618108154
0.12926872620427532,1.0191074374140303,0.05109140434689326,-0.3108437866844096,0.7117876788592427,0.15787066393984667,-0.6097633097941042
0.13605947948103522,1.0140010960523873,0.050800079291319925,-0.325301509324062,0.7097463784360734,0.1457721456557845,-0.6076096509102485
0.19175208698822466,0.9568517719841999,0.04099551643921785,-0.42800333859030626,0.7108946111362716,0.03195054248731918,-0.5571545179281299
0.19607771369363047,0.9491835422703052,0.04015442328550791,-0.4370097031143949,0.7101486813286152,0.01989927945299829,-0.5516478844954893
0.20014205200043858,0.9401121728591135,0.03951523946179719,-0.4470384715677873,0.7082811177935464,0.006581848016852513,-0.5463068207446656
0.20309674783667214,0.9313620526834052,0.039291666180965315,-0.45627824754378293,0.7055143243002536,-0.005436186322592648,-0.5422454673888912
0.2055179104600118,0.9216040046088719,0.03939337244004078,-0.46635977925599853,0.7015677632240673,-0.01822295107720582,-0.5384971252951246
0.20716920778569584,0.9124063817211,0.039705075446686465,-0.47579563272932246,0.697279937215665,-0.029860216078402866,-0.53528270337082
0.20844916712442177,0.9019373276735763,0.04018577709682948,-0.48657232351861673,0.691990099239829,-0.04283544237924554,-0.5315658015861446
0.20922756343557847,0.8921962466859321,0.04061815323480733,-0.49669866554985,0.6869331935071638,-0.05478206370464999,-0.5276477506777675
0.20749552580220004,0.8194851486648802,0.03679459321039609,0.5662827604295362,-0.6633166108408883,0.14238833244777999,0.4680389639822765
0.20675386642273658,0.8102268346275981,0.03597218235678556,0.5719787114944007,-0.6632135985971281,0.15231603111290562,0.4580260941246305
0.205852075072315,0.8005797149455509,0.03527091364900855,0.5764899241334911,-0.6639295716279776,0.16193813558005002,0.4479206754943436
0.20478315368388805,0.7909259600123524,0.034737717235994926,0.5794360160204556,-0.6654975778502229,0.17070452919125575,0.43843681520536176
0.20282782982266293,0.7770543783825554,0.03426112032398941,0.5813234493139974,-0.6688201092866425,0.18212550027735824,0.4261138472758212
0.20110839350110088,0.7675811055536335,0.03411446158736217,0.5815112611560834,-0.6713048743784026,0.18979981318294692,0.4185336900420048
0.198975030697166,0.7580142640284159,0.034094475548456356,0.5812029080980333,-0.6735504418152792,0.1981073460558879,0.4114443600142359
0.1757492827639088,0.7001034847983002,0.03475945415459018,0.5923171397475121,-0.6500593148038986,0.3099339937025061,0.3612813484607626
0.17369218688192145,0.6956901071449798,0.034906710729967635,0.5958592671231109,-0.6454571934814531,0.3203862403500133,0.3545270118918143
0.1719758793927509,0.69250390417273,0.03523497026827965,0.5994677577528543,-0.6424287594559488,0.3257043727202087,0.349056382307488
0.17019649733459546,0.690170260656032,0.03581714726364004,0.6030224734658055,-0.6408329772070344,0.3266258777305085,0.34498192389736215
0.16817734302112416,0.6888127126473326,0.03671502182226911,0.6057556726636597,-0.6411725880740906,0.32254620439825654,0.34339732579979076
0.16596889405399326,0.688245207700779,0.03780077770835199,0.6065757109177148,-0.6434315895977657,0.3148475535843889,0.344866226868168
0.1635426565188689,0.6878396276668447,0.038939938300570284,0.604675211584157,-0.6472757638304142,0.30589613806174837,0.34904086690861363
0.13295872683781929,0.6433917115979204,0.049812200017038864,-0.44037637365559373,0.7365823636201627,-0.31096305415035447,-0.4084324302539735
0.13012951734969405,0.6373249725235195,0.05195814587256941,-0.425657263792694,0.7453191832085078,-0.3150287735543527,-0.40505812021827203
0.1268311603909102,0.6303595010999453,0.05456270794466081,-0.4107983974050338,0.7546982835926084,-0.3196880339253287,-0.39934288324294026
0.12397777563425953,0.624474375547431,0.056746105882782796,-0.3997615445599906,0.761965260799676,-0.3238284444551794,-0.39336342914311606
0.12026098652375003,0.6171993358404192,0.05934718389889951,-0.3876990087315931,0.7699633301281665,-0.32954245035546004,-0.3850295083499488
0.11630082391617003,0.6099105591360796,0.06182159737592337,-0.37682971821417005,0.7768723229698677,-0.3361538316192195,-0.3761241268009114
0.0643800470890108,0.5516075505292071,0.08367890264406196,-0.3001576863500064,0.764273525837521,-0.4715612043361002,-0.3215919333471877
0.060242037926506106,0.5493978355436383,0.08500294172206732,-0.29408531024625484,0.7489607670786417,-0.49476356811934497,-0.32829957559544765
0.05627453711418302,0.5477498318598762,0.08608276792402941,-0.2876297521886439,0.7309865981593736,-0.5185626581502533,-0.3376691998679023
0.052465540495285415,0.5464298832144286,0.08688461062633383,-0.28109672378828765,0.7130949590095587,-0.5398936177004939,-0.34784348905351065
0.043716585965468485,0.543126951706578,0.08798393825118866,-0.267026282052925,0.6820933512891169,-0.573468396110984,-0.36685095540569157
0.03489305863967353,0.538749329022205,0.08859078273456988,-0.2552235459444275,0.66656196362397,-0.5901111287786087,-0.377259785740471
0.024719804222818727,0.53275884074939,0.08914097192528268,-0.24348553342523613,0.6589637714040902,-0.5998256306532996,-0.38300229216141446
0.016950516798774885,0.5277277140190972,0.08955927671691222,-0.2352087735151839,0.6569328927629013,-0.6040051686209155,-0.3850892929527757
-0.07019332990836516,0.4612003692172663,0.09930378917121287,-0.14606962011675034,0.6627640072991471,-0.6223830811424802,-0.3899318363705603
-0.07694927736459958,0.45828569236450795,0.10082398208612403,-0.1416846533440585,0.6628571631110058,-0.6210533225754686,-0.3934953758777531
-0.0837470617685239,0.45659117819130257,0.10251478257069144,-0.13844250274368436,0.662745418500709,-0.618623228357911,-0.3986320170613758
-0.09035663936777732,0.45595298626939995,0.10428408858541877,-0.13621431504456954,0.6624545643143991,-0.615342586621191,-0.4049112392689298
-0.10073509400273022,0.45640868296079024,0.10725553618918438,-0.13397569778444274,0.6616557559586048,-0.6087997753642875,-0.41668334083139447
-0.11194239930700671,0.4580211253957496,0.11068123105366212,-0.13243031140100348,0.6603796422411805,-0.6004879227529523,-0.4310164676244843
-0.11896517533926193,0.45923104932996694,0.11290169954659618,-0.1315447040820517,0.659408154272383,-0.5949223648103674,-0.44039102710601935
-0.1946386653210529,0.46325730452803715,0.13865341446774487,-0.10912400856563306,0.6433213206189599,-0.532783783935628,-0.5388608992744595
-0.20258141025345638,0.4626333793207252,0.14153743552631343,-0.10534302405459987,0.6410497304142551,-0.5260737794736868,-0.5488209808025871
-0.21357293111995956,0.46143579807309304,0.14558800290762955,-0.09965395719386946,0.6377295555995749,-0.5167037533724154,-0.5624831855097798
-0.22515929986666827,0.4597625904823396,0.14992357855490376,-0.09309441971744821,0.633992862177142,-0.506722851947792,-0.5767308133261159
-0.2324480122775176,0.4584889459901243,0.15270029240059652,-0.08866702427995869,0.6315040891369655,-0.500383477069605,-0.5856254093568353
-0.2439518483572204,0.4561205441505849,0.15713582966694167,-0.08118494084909743,0.6273739464050758,-0.4902773994660308,-0.5995323246700511
-0.25177901742681597,0.4542640451528903,0.16020368485817021,-0.07575098260063898,0.6244096061690129,-0.4833121465892868,-0.6089201928973547
-0.3279661381108323,0.424775058558521,0.19234800146232534,0.006780033453479002,-0.5880318622551632,0.4111923757108769,0.6964864609425938
-0.3342627134244453,0.421311685874604,0.1952191028344541,-0.00040546787843028664,-0.5843013315926265,0.4047753427694036,0.7033837582577486
-0.34183199744578646,0.4169026251402621,0.19872686058698943,-0.009381262418136754,-0.5796401611090082,0.39694217408893145,0.7115941160342161
-0.3479589221090294,0.41314388915890865,0.20160661852530742,-0.01694621082879515,-0.5757160287528126,0.39049989875780344,0.7181738711800798
-0.3542665986774759,0.4090781609760707,0.20462074423099247,-0.02500865241432895,-0.5715277585433687,0.3837656429744469,0.7248824179073609
-0.3615105782775516,0.4041508252302273,0.20813392140116327,-0.03465158661439776,-0.5665294947424478,0.3758936354409211,0.7324940777692196
-0.4133045204546254,0.36894061019062896,0.2517437904746475,-0.0724211741086271,-0.5374411881144413,0.2392094065129664,0.8054135600389281
-0.4156085375096337,0.3699688029435783,0.2602468297496678,-0.0571317924618664,-0.5383368552148108,0.20360799293026638,0.8157653914100736
-0.4171330891483538,0.3713530967709713,0.267990047765717,-0.0414304388172087,-0.5383111236171688,0.17067182856619917,0.8242425491706337
-0.418576685622418,0.3729633952950782,0.27680959986809267,-0.022796055581676352,-0.5367597718789486,0.13313534465358934,0.8328530885734567
-0.41979023953737826,0.3745071344865341,0.28564805251355485,-0.0036976854278404025,-0.533466708712394,0.0956904979242679,0.8403826071647652
-0.4206860684325434,0.3758154058411131,0.2934836898546586,0.01353861371245444,-0.5291092049365573,0.06270200883801597,0.8461256486348977
-0.42182445181785877,0.37795611981486954,0.3067926660516135,0.043391444174845875,-0.518658761614959,0.007263898823016543,0.8538486442844231
-0.42148245461064493,0.3868460362779756,0.3668242323342221,0.1805991111646839,-0.42729649216008964,-0.22569863413438415,0.8566573383705307
-0.4207213691185196,0.38817806504962565,0.3759342203214005,0.20092942572972322,-0.4078198717240769,-0.2575679539088439,0.8526248103486624
-0.41983666499886685,0.389473490256846,0.38474456234903376,0.22025861610806266,-0.38779666522039286,-0.28729221068308297,0.8476809978729798
-0.4187946672852444,0.39077958565059845,0.3936105479026827,0.239319968530211,-0.36655788157172486,-0.31605560638529623,0.8417066744375804
-0.4176552139532296,0.39204677453472164,0.4021921467230124,0.25732015646087847,-0.3450562367135093,-0.3427291769242062,0.8350205038613816
-0.4162072603022575,0.3935043929294944,0.4119253946019364,0.27717600978384827,-0.31964648608012236,-0.3715666805345719,0.8264004994271564
-0.3993359456396524,0.40563743413609266,0.4921796510308593,0.41108853486419716,-0.08499991088968685,-0.5486176957465977,0.7230489994223396
-0.3967494570546986,0.40694561004533136,0.501640925895728,0.42267626972535366,-0.0558433155205722,-0.5628665060220395,0.708101399180422
-0.3937272654682242,0.4080262173834691,0.510706943147329,0.4319778712260864,-0.026921266604713105,-0.5765515907332113,0.6930069461400659
-0.3901019908635295,0.40868525946767414,0.518522498587118,0.4371972659026504,2.018158750447828e-05,-0.5899048523380146,0.6788746684536225
-0.3860256514595807,0.4088135490938186,0.5237222547662187,0.43661042515971465,0.0213216615115957,-0.6024223522671354,0.6678353336573092
-0.3811072367236687,0.40842101362846117,0.5263376237509595,0.42957878608565814,0.0378191217312903,-0.6155860827624455,0.6596101540196555
-0.3314260309640482,0.4102854269400445,0.5213829067545304,-0.2915067959546739,-0.10352916912549755,0.7187165327492726,-0.6226973940890455
-0.3251825461760403,0.41206138661664715,0.521806527287538,-0.27286526138061534,-0.11099565659635877,0.729751057142569,-0.6169991150299443
-0.31875838371554943,0.41425657064096255,0.5226241630368847,-0.253370470022293,-0.1187592461081061,0.7407640081720646,-0.6107113316300706
-0.31358858569231957,0.41628051343980393,0.5235762781646975,-0.23738263230177867,-0.12508404343208568,0.749396137545035,-0.6053171870951144
-0.3077991233249464,0.41884291744967095,0.5249792333843052,-0.21910574887043519,-0.1322756149095683,0.758823415608703,-0.598901374548567
-0.30210587542894335,0.4216522056283225,0.5267338958963504,-0.20072560595371852,-0.13945204841425574,0.7678427109257522,-0.5921823440341433
-0.29654092370392215,0.4247101073172407,0.5288375891098542,-0.18225738659528903,-0.1466034320778845,0.7764459201741862,-0.5851678492358425
-0.25583539500325564,0.45803958781995774,0.5614713849489851,-0.02205721151259347,-0.20510729043081832,0.8324561634043289,-0.5142579263779625
-0.2522070695443216,0.4623198524483647,0.566802818650074,-0.0038205287555201682,-0.21127605193034388,0.8367740352409344,-0.5051307230681561
-0.24852456117861377,0.4669984114050683,0.5729500364756231,0.015960162644537975,-0.21782259862529346,0.8409894353563049,-0.4950104628748445
-0.24510323159349992,0.4717023127712684,0.5794723985398558,0.03574689907953254,-0.2242102722492,0.8447206495661497,-0.4846637362343913
-0.2422109759012954,0.47605219654159436,0.5858311249271277,0.05400344901487152,-0.22997659814357463,0.8477370391029653,-0.47490662696339
-0.23934900898448816,0.48074108378132363,0.593075374124912,0.07378040076656975,-0.23605735758584082,0.8505400084769826,-0.46412829085532936
-0.2369680734252415,0.4850346896343766,0.6000786054372909,0.09202246105438962,-0.24151105884568996,0.8526953303395229,-0.4539988422164739
-0.22729248587942605,0.518584889875721,0.6741356733407996,0.25129540878194995,-0.28177270221901146,0.8540004645389355,-0.35796364113774365
-0.22751263842966235,0.5218268984411196,0.6845223516342038,0.2704541677876977,-0.28557034053105057,0.8520079639098838,-0.3455235927825736
-0.2279254507128719,0.5249236382602056,0.6950517390729551,0.2893090832762315,-0.2888962436446509,0.8497705732689486,-0.33275995484438853
-0.22831167346487813,0.5277855819670938,0.7047613173070906,0.30622167894671565,-0.2913152523617138,0.8477384029024296,-0.3204735672858581
-0.22850607705918555,0.5307866956439606,0.7143365614091671,0.3224442349145036,-0.29293971517574013,0.8459741564421676,-0.30747969896420735
-0.22833412024330327,0.5342114715632762,0.7240483554246826,0.3384061031773097,-0.29362153125050233,0.8446574747483885,-0.29295299293595506
-0.22157920282928192,0.5672144465209246,0.8098559761005257,0.4604072157819691,-0.28085717761985834,0.8300122808159645,-0.1422113045084087
-0.2214732337145169,0.5699757478680945,0.8203716098069226,0.47375498190910953,-0.2790950319983213,0.8258992286425586,-0.1247102415913866
-0.22157228991209885,0.5723771612480728,0.8305880633433259,0.48648546689125016,-0.27739957370637813,0.8214159932155999,-0.1079682041193219
-0.22181134025530405,0.5744237458362329,0.8404831150863915,0.49859928171014556,-0.2757584335143084,0.8166345036948834,-0.09200070651290129
-0.2222698986693027,0.5763618478899613,0.8512689892987846,0.5116196375083879,-0.2739811837078323,0.8109123459194656,-0.07483865795983896
-0.22290072638455075,0.5779386199599372,0.8617025087879941,0.5240159590065135,-0.27227834118457367,0.8048935471984017,-0.058465009250276895
-0.22366877073529087,0.5791969784461103,0.8717542091282972,0.5358034704076196,-0.2706353710565165,0.7986430484410127,-0.04290009567703457
-0.23540947444044197,0.5798627748823164,0.9504041657437539,0.624215568102705,-0.2579458510947028,0.7338774914391407,0.0724064223687407
-0.23690637964837413,0.5789863801929026,0.9607799953283231,0.6361681606446093,-0.25674771552623454,0.7226274858912263,0.08473605247260309
-0.2373163926839515,0.5781959814697681,0.9717101390498434,0.649802602286466,-0.25621757633442593,0.7094247151027834,0.093945224681111
-0.23621896574019227,0.5777575953014368,0.9815227946360027,0.6634357894747556,-0.2565230956337463,0.6960814609221482,0.09756769142997854
-0.23279294213434162,0.5776439884003943,0.993217866816589,0.6816916716349612,-0.2578521909715534,0.6780862229135427,0.09490936060024287
-0.2281978019805671,0.5777640336871583,1.0035969278104604,0.6994132205223581,-0.2594775333011316,0.6602801132643453,0.08673366531011303
-0.18845744951556706,0.5729206943843094,1.0731686277344585,0.8265519388423394,-0.25597733343406764,0.4972541145796682,-0.06344952874170118
-0.18455410038113715,0.5713958526774052,1.0802788753390944,0.838772178224132,-0.252155730958333,0.4742203931611269,-0.0894077127104817
-0.1809767496605465,0.5697675592311974,1.0868053149380819,0.8495520724653555,-0.2475307039020003,0.45104020718439464,-0.11641545558325953
-0.1777211596593046,0.5680889654727593,1.0927260334299387,0.8588281310277097,-0.24208407362853585,0.4277400180444469,-0.14438843310390478
-0.17464581144845676,0.5663181492142897,1.0982497142219665,0.8668056234534488,-0.235550466668984,0.4034333818801436,-0.17437171555688716
-0.17205459755658487,0.5646758212084683,1.1027492841407276,0.8725949848069723,-0.2287428055301925,0.38095701700402923,-0.2027966286783091
-0.16949879107017757,0.5629587127473148,1.106967058810923,0.8771098574115109,-0.22053252331532094,0.35659692201660853,-0.2342698004438844
-0.15516903255052825,0.554350530709642,1.1170135657056943,0.8520079516584839,-0.13650675563655923,0.18478251116575087,-0.4704293565920121
-0.15320779685212416,0.5539177351268985,1.1156180039880854,0.8402730420376453,-0.12151730704742647,0.161845030915533,-0.5029721114343153
-0.15026633392104433,0.5537003928493675,1.112591834081079,0.8207172209874263,-0.09954415614730419,0.1306502034449705,-0.547215431517958
-0.14673768111147856,0.5539380302339215,1.1080642887916963,0.7959818054986675,-0.07485060266234583,0.09853243071490654,-0.5925383639002434
-0.14280208138537137,0.5545868075364162,1.1024419538842911,0.7682119091974732,-0.049582697275296336,0.06838243538899202,-0.6345989766997343
-0.13997113430944205,0.5551954361314387,1.0982814519984732,0.7487132730700784,-0.03289576363057617,0.04978168270803363,-0.6602030653750467
-0.13724465776183314,0.5558695053856256,1.0942324255551803,0.7304102489728327,-0.017817136077365868,0.03376375044267729,-0.6819409263370909
